Наименование,Артикул,Цена Pyramex,Наша цена,Описание,Ссылка,Ссылка на изображение
Mini Intruder S4110SNMP детские прозрачные 96% светопропускаемость,S4110SNMP,590,540,Mini Intruder S4110SNMP детские прозрачные 96% светопропускаемость,https://www.pyramex.net/mini-intruder-s4110snmp/,https://www.pyramex.net/wa-data/public/shop/products/45/04/445/images/1281/1281.750.jpg
Intruder S4120S серые 23% светопропускаемость,S4120S,750,680,Intruder S4120S серые 23% светопропускаемость,https://www.pyramex.net/intruder-s4120s/,https://www.pyramex.net/wa-data/public/shop/products/33/04/433/images/1220/1220.750.jpg
Intruder S4130S желтые 89% светопропускаемость,S4130S,750,680,Intruder S4130S желтые 89% светопропускаемость,https://www.pyramex.net/intruder-s4130s/,https://www.pyramex.net/wa-data/public/shop/products/34/04/434/images/1223/1223.750.jpg
Intruder S4180S зеркально-серые 50% светопропускаемость,S4180S,750,680,Intruder S4180S зеркально-серые 50% светопропускаемость,https://www.pyramex.net/intruder-s4180s/,https://www.pyramex.net/wa-data/public/shop/products/37/04/437/images/1240/1240.750.jpg
Intruder S4170S зеркально-серые 16% светопропускаемость,S4170S,790,720,Intruder S4170S зеркально-серые 16% светопропускаемость,https://www.pyramex.net/intruder-s4170s/,https://www.pyramex.net/wa-data/public/shop/products/35/04/435/images/1229/1229.750.jpg
Intruder S4175S зеркально-синие 83% светопропускаемость,S4175S,850,770,Intruder S4175S зеркально-синие 83% светопропускаемость,https://www.pyramex.net/intruder-s4175s/,https://www.pyramex.net/wa-data/public/shop/products/36/04/436/images/1232/1232.750.jpg
Provoq S7230S желтые линзы 89% светопропускаемость,S7230S,950,860,Профессиональные баллистические стрелковые очки начального уровня Pyramex - Provoq S7230S - противоосколочные защитные очки,https://www.pyramex.net/s7230s/,https://www.pyramex.net/wa-data/public/shop/products/16/03/316/images/658/658.750.jpg
Provoq S7210S прозрачные линзы 96% светопропускаемость,S7210S,950,860,Профессиональные баллистические стрелковые очки начального уровня Pyramex - Provoq S7210S - противоосколочные защитные очки,https://www.pyramex.net/s7210s/,https://www.pyramex.net/wa-data/public/shop/products/17/03/317/images/648/648.750.jpg
Provoq S7280S зеркально-серые линзы 50% светопропускаемость,S7280S,990,900,Профессиональные баллистические стрелковые очки начального уровня с зеркально-серыми линзами  Pyramex - Provoq S7280S - противоосколочные защитные очки,https://www.pyramex.net/s7280s/,https://www.pyramex.net/wa-data/public/shop/products/14/03/314/images/673/673.750.jpg
Provoq S7210ST (Anti-Fog) прозрачные 96% светопропускаемость,S7210ST,990,900,Provoq S7210ST (Anti-Fog) прозрачные 96% светопропускаемость,https://www.pyramex.net/provoq-s7210st/,https://www.pyramex.net/wa-data/public/shop/products/54/04/454/images/1332/1332.750.jpg
Provoq S7270S темно-серые линзы 16% светопропускаемость,S7270S,1090,990,Профессиональные баллистические стрелковые очки начального уровня  с темно-серыми зеркальными линзами Pyramex - Provoq S7270S - противоосколочные защитные очки,https://www.pyramex.net/s7270s/,https://www.pyramex.net/wa-data/public/shop/products/12/03/312/images/668/668.750.jpg
Mini Ztek S2510SN прозрачные 96% светопропускаемость,S2510SN,1090,990,Mini Ztek S2510SN прозрачные 96% светопропускаемость,https://www.pyramex.net/mini-ztek-s2510sn/,https://www.pyramex.net/wa-data/public/shop/products/46/04/446/images/1283/1283.750.jpg
Mini Ztek S2517SN розовые 82% светопропускаемость,S2517SN,1090,990,Mini Ztek S2517SN розовые 82% светопропускаемость,https://www.pyramex.net/mini-ztek-s2517sn/,https://www.pyramex.net/wa-data/public/shop/products/47/04/447/images/1290/1290.750.jpg
Mini Ztek S2520SN серые 23% светопропускаемость,S2520SN,1090,990,Mini Ztek S2520SN серые 23% светопропускаемость,https://www.pyramex.net/mini-ztek-s2520sn/,https://www.pyramex.net/wa-data/public/shop/products/48/04/448/images/1295/1295.750.jpg
Mini Ztek S2530SN желтые 89% светопропускаемость,S2530SN,1090,990,Mini Ztek S2530SN желтые 89% светопропускаемость,https://www.pyramex.net/mini-ztek-s2530sn/,https://www.pyramex.net/wa-data/public/shop/products/49/04/449/images/1301/1301.750.jpg
Mini Ztek S2580SN зеркальные 50% светопропускаемость,S2580SN,1090,990,Mini Ztek S2580SN зеркальные 50% светопропускаемость,https://www.pyramex.net/mini-ztek-s2580sn/,https://www.pyramex.net/wa-data/public/shop/products/51/04/451/images/1308/1308.750.jpg
Mini Ztek S2575SN зеркально-синие 83% светопропускаемость,S2575SN,1150,1050,Mini Ztek S2575SN зеркально-синие 83% светопропускаемость,https://www.pyramex.net/mini-ztek-s2575sn/,https://www.pyramex.net/wa-data/public/shop/products/50/04/450/images/1303/1303.750.jpg
iTEK S5810S прозрачные линзы 96% светопропускаемость,S5810S,1190,1080,iTEK S5810S прозрачные линзы 96% светопропускаемость,https://www.pyramex.net/itek-s5810s/,https://www.pyramex.net/wa-data/public/shop/products/91/01/191/images/231/231.750.jpg
iTEK S5820S темно-серые линзы 23% светопропускаемость,S5820S,1190,1080,Профессиональные баллистические стрелковые очки начального уровня Pyramex - iTEK S5820S - противоосколочные защитные очки,https://www.pyramex.net/itek-s5820s/,https://www.pyramex.net/wa-data/public/shop/products/92/01/192/images/236/236.750.jpg
iTEK S5880S зеркально-серые линзы 50% светопропускаемость,S5880S,1190,1080,Профессиональные баллистические стрелковые очки начального уровня Pyramex - iTEK S5880S - противоосколочные защитные очки,https://www.pyramex.net/itek-s5880s/,https://www.pyramex.net/wa-data/public/shop/products/94/01/194/images/246/246.750.jpg
Ever-Lite SB8610D прозрачные линзы 96% светопропускаемость,SB8610D,1350,1230,Профессиональные баллистические стрелковые очки Pyramex - Ever-Lite SB8610D -противоосколочные очки,https://www.pyramex.net/ever-lite-sb8610d/,https://www.pyramex.net/wa-data/public/shop/products/69/01/169/images/117/117.750.jpg
Ever-Lite SB8620D темно-серые линзы 23% светопропускаемость,SB8620D,1350,1230,Профессиональные баллистические стрелковые очки Pyramex - Ever-Lite SB8620D - противоосколочные очки,https://www.pyramex.net/ever-lite-sb8620d/,https://www.pyramex.net/wa-data/public/shop/products/70/01/170/images/122/122.750.jpg
Ever-Lite SB8630D желтые линзы 89% светопропускаемость,SB8630D,1350,1230,Профессиональные баллистические стрелковые очки Pyramex - Ever-Lite SB8630D -противоосколочные очки,https://www.pyramex.net/ever-lite-sb8630d/,https://www.pyramex.net/wa-data/public/shop/products/71/01/171/images/127/127.750.jpg
PMXTREME SB6330SP желтые линзы 89% светопропускаемость,SB6330SP,1390,1260,PMXTREME SB6330SP желтые линзы 89% светопропускаемость,https://www.pyramex.net/pmxtreme-sb6330sp/,https://www.pyramex.net/wa-data/public/shop/products/09/02/209/images/322/322.750.jpg
Ever-Lite SB8680D зеркально-серые линзы 50% светопропускаемость,SB8680D,1450,1320,Профессиональные баллистические стрелковые очки Pyramex - Ever-Lite SB8680D - противоосколочные очки,https://www.pyramex.net/ever-lite-sb8680d/,https://www.pyramex.net/wa-data/public/shop/products/72/01/172/images/132/132.750.jpg
Venture 2 SB1820S темно-серые линзы 23% светопропускаемость,SB1820S,1450,1320,Профессиональные баллистические стрелковые очки Pyramex - Venture 2 SB1820S - противоосколочные защитные очки,https://www.pyramex.net/venture-2-sb1820s/,https://www.pyramex.net/wa-data/public/shop/products/32/02/232/images/486/486.750.jpg
Venture 2 SB1830S желтые линзы 89% светопропускаемость,SB1830S,1450,1320,Профессиональные баллистические стрелковые очки Pyramex - Venture 2 SB1830S - противоосколочные защитные очки,https://www.pyramex.net/venture-2-rvgsb1830s/,https://www.pyramex.net/wa-data/public/shop/products/33/02/233/images/492/492.750.jpg
Venture 2 SH1810S (Камуфляж) прозрачные линзы 96% светопропускаемость,SH1810S,1450,1320,Профессиональные баллистические стрелковые очки Pyramex - Venture 2 SH1810S (Камуфлированная оправа),https://www.pyramex.net/venture-2-sh1810s-kamuflyazh/,https://www.pyramex.net/wa-data/public/shop/products/35/02/235/images/503/503.750.jpg
Venture 2 SH1820S (Камуфляж) темно-серые линзы 23% светопропускаемость,SH1820S,1450,1320,Профессиональные баллистические стрелковые очки Pyramex - Venture 2 SH1820S (Камуфлированная оправа) - защитные противоосколочные очки,https://www.pyramex.net/venture-2-sh1820s/,https://www.pyramex.net/wa-data/public/shop/products/36/02/236/images/507/507.750.jpg
Venture 2 SB1840S оранжевые линзы 51% светопропускаемость,SB1840S,1450,1320,Venture 2 SB1840S оранжевые линзы 51% светопропускаемость,https://www.pyramex.net/venture-2-sb1840s/,https://www.pyramex.net/wa-data/public/shop/products/64/03/364/images/959/959.750.jpg
Venture 3 SB5710D прозрачные линзы 96% светопропускаемость,SB5710D,1490,1360,Профессиональные баллистические стрелковые очки Pyramex - Venture 3 SB5710D - защитные противоосколочные очки,https://www.pyramex.net/venture-3-sb5710d/,https://www.pyramex.net/wa-data/public/shop/products/38/02/238/images/517/517.750.jpg
Venture 3 SB5720D темно-серые линзы 23% светопропускаемость,SB5720D,1490,1360,Профессиональные баллистические стрелковые очки Pyramex - Venture 3 SB5720D - защитные противоосколочные очки,https://www.pyramex.net/venture-3-sb5720d/,https://www.pyramex.net/wa-data/public/shop/products/39/02/239/images/522/522.750.jpg
Rendezvous SB2810S прозрачные линзы 96% светопропускаемость,SB2810S,1490,1360,Rendezvous SB2810S прозрачные линзы 96% светопропускаемость,https://www.pyramex.net/rendezvous-sb2810s/,https://www.pyramex.net/wa-data/public/shop/products/75/03/375/images/1045/1045.750.jpg
Rendezvous SB2820S серые линзы 23% светопропускаемость,SB2820S,1490,1360,Rendezvous SB2820S серые линзы 23% светопропускаемость,https://www.pyramex.net/rendezvous-sb2820s/,https://www.pyramex.net/wa-data/public/shop/products/76/03/376/images/1057/1057.750.jpg
Rendezvous SB2840S оранжевые линзы 51% светопропускаемость,SB2840S,1490,1360,Rendezvous SB2840S оранжевые линзы 51% светопропускаемость,https://www.pyramex.net/rendezvous-sb2840s/,https://www.pyramex.net/wa-data/public/shop/products/78/03/378/images/1076/1076.750.jpg
Rendezvous SB2880S зеркально-серые линзы 50% светопропускаемость,SB2880S,1490,1360,Rendezvous SB2880S зеркально-серые линзы 50% светопропускаемость,https://www.pyramex.net/rendezvous-sb2880s/,https://www.pyramex.net/wa-data/public/shop/products/80/03/380/images/1096/1096.750.jpg
Cappture S9910ST(Anti-Fog Diopter ready) прозрачные 96% светопропускаемость,S9910ST,1490,1360,"Cappture S9910ST(Anti-Fog, Diopter ready) прозрачные 96% светопропускаемость",https://www.pyramex.net/cappture-s9910st/,https://www.pyramex.net/wa-data/public/shop/products/02/04/402/images/1160/1160.750.jpg
Cappture S9920ST (Anti-Fog Diopter ready) серые 23% светопропускаемость,S9920ST,1490,1360,"Cappture S9920ST (Anti-Fog, Diopter ready) серые 23% светопропускаемость",https://www.pyramex.net/cappture-s9920st/,https://www.pyramex.net/wa-data/public/shop/products/03/04/403/images/1169/1169.750.jpg
Venture 2 SB1880S зеркально-серые линзы 50% светопропускаемость,SB1880S,1550,1410,Профессиональные баллистические стрелковые очки Pyramex - Venture 2 SB1880S - противоосколочные защитные очки,https://www.pyramex.net/venture-2-rvgsb1880s/,https://www.pyramex.net/wa-data/public/shop/products/34/02/234/images/498/498.750.jpg
Venture 2 SB1870S зеркально-серые линзы 16% светопропускаемость,SB1870S,1550,1410,Venture 2 SB1870S зеркально-серые линзы 16% светопропускаемость,https://www.pyramex.net/venture-2-sb1870s/,https://www.pyramex.net/wa-data/public/shop/products/65/03/365/images/965/965.750.jpg
Intrepid II SB8810S прозрачные линзы 96% светопропускаемость,SB8810S,1550,1410,Intrepid II SB8810S прозрачные линзы 96% светопропускаемость,https://www.pyramex.net/intrepid-ii-sb8810s/,https://www.pyramex.net/wa-data/public/shop/products/70/03/370/images/995/995.750.jpg
Intrepid II SB8830S желтые линзы 89% светопропускаемость,SB8830S,1550,1410,Intrepid II SB8830S желтые линзы 89% светопропускаемость,https://www.pyramex.net/intrepid-ii-sb8830s/,https://www.pyramex.net/wa-data/public/shop/products/72/03/372/images/1014/1014.750.jpg
Intrepid II SB8835S бронзовые линзы 17% светопропускаемость,SB8835S,1550,1410,Intrepid II SB8835S бронзовые линзы 17% светопропускаемость,https://www.pyramex.net/intrepid-ii-sb8835s/,https://www.pyramex.net/wa-data/public/shop/products/73/03/373/images/1024/1024.750.jpg
Onix SB4980S зеркально-серые 50% светопропускаемость,SB4980S,1550,1410,Onix SB4980S зеркально-серые 50% светопропускаемость,https://www.pyramex.net/onix-sb4980s/,https://www.pyramex.net/wa-data/public/shop/products/52/04/452/images/1313/1313.750.jpg
Venture 3 SB5710DT Anti-fog прозрачные линзы 96% светопропускаемость,SB5710DT,1550,1410,Профессиональные баллистические стрелковые очки Pyramex - Venture 3 SB5710D - защитные противоосколочные очки,https://www.pyramex.net/venture-3-sb5710d-1/,https://www.pyramex.net/wa-data/public/shop/products/70/04/470/images/1475/1475.750.jpg
Rotator SB7810S прозрачные линзы 96% светопропускаемость,SB7810S,1590,1450,Профессиональные стрелковые очки Pyramex Rotator SB7810S - противоосколочные очки,https://www.pyramex.net/rotator-sb7810s/,https://www.pyramex.net/wa-data/public/shop/products/57/01/157/images/80/80.750.jpg
Rotator SB7830S желтые линзы 89% светопропускаемость,SB7830S,1590,1450,Профессиональные стрелковые очки Pyramex  Rotator SB7830S - противоосколочные очки,https://www.pyramex.net/sb7830s/,https://www.pyramex.net/wa-data/public/shop/products/59/01/159/images/95/95.750.jpg
Venture 3 SB5780D зеркально-серые линзы 50% светопропускаемость,SB5780D,1590,1450,Профессиональные баллистические стрелковые очки Pyramex - Venture 3 SB5780D - защитные противоосколочные очки,https://www.pyramex.net/venture-3-rvgsb5780d/,https://www.pyramex.net/wa-data/public/shop/products/41/02/241/images/533/533.750.jpg
Venture 3 SB5770D зеркально-серые линзы 16% светопропускаемость,SB5770D,1590,1450,Venture 3 SB5770D зеркально-серые линзы 16% светопропускаемость,https://www.pyramex.net/venture-3-sb5770d/,https://www.pyramex.net/wa-data/public/shop/products/66/03/366/images/973/973.750.jpg
Rendezvous SB2870S зеркально-серые линзы 16% светопропускаемость,SB2870S,1590,1450,Rendezvous SB2870S зеркально-серые линзы 16% светопропускаемость,https://www.pyramex.net/rendezvous-sb2870s/,https://www.pyramex.net/wa-data/public/shop/products/79/03/379/images/1084/1084.750.jpg
Intrepid II SB8880S зеркально-серые линзы 50% светопропускаемость,SB8880S,1650,1500,Intrepid II SB8880S зеркально-серые линзы 50% светопропускаемость,https://www.pyramex.net/intrepid-ii-sb8880s/,https://www.pyramex.net/wa-data/public/shop/products/74/03/374/images/1038/1038.750.jpg
Flex-Zone SB9220ST (Anti-Fog) темно-серые линзы 23% светопропускаемость,SB9220ST,1750,1590,Профессиональные баллистические стрелковые очки Pyramex - SB9220ST - противоосколочные очки,https://www.pyramex.net/sb9220st/,https://www.pyramex.net/wa-data/public/shop/products/06/03/306/images/623/623.750.jpg
Rotator SB7870S зеркально-серые линзы 16% светопропускаемость,SB7870S,1750,1590,Профессиональные стрелковые очки Pyramex Rotator SB7880S - противоосколочные очки,https://www.pyramex.net/rotator-sb7870s/,https://www.pyramex.net/wa-data/public/shop/products/62/03/362/images/933/933.750.jpg
PMXTREME SB6380SP зеркально-серые линзы 50% светопропускаемость,SB6380SP,1790,1630,Профессиональные стрелковые очки Pyramex - PMXTREME SB6380SP - противоосколочные защитные очки,https://www.pyramex.net/pmxtreme-sb6380sp/,https://www.pyramex.net/wa-data/public/shop/products/10/02/210/images/327/327.750.jpg
Flex-Zone SB9280S зеркально-серые линзы 50% светопропускаемость,SB9280S,1990,1810,Профессиональные баллистические стрелковые очки Pyramex - Flex-Zone SB9280S - противоосколочные очки,https://www.pyramex.net/sb9280s/,https://www.pyramex.net/wa-data/public/shop/products/04/03/304/images/633/633.750.jpg
Flex-Zone SB9230S желтые линзы 89% светопропускаемость,SB9230S,1990,1810,Профессиональные баллистические стрелковые очки Pyramex - Flex-Zone SB9230S - противоосколочные очки,https://www.pyramex.net/sb9230s/,https://www.pyramex.net/wa-data/public/shop/products/05/03/305/images/628/628.750.jpg
Flex-Zone SB9210ST (Anti-Fog) прозрачные линзы 96% светопропускаемость,SB9210ST,1990,1810,Профессиональные баллистические стрелковые очки Pyramex - Flex-Zone SB9210ST -противоосколочные очки,https://www.pyramex.net/sb9210st/,https://www.pyramex.net/wa-data/public/shop/products/07/03/307/images/618/618.750.jpg
Proximity SB9380ST (Anti-Fog) зеркально-серые линзы 50% светопропускаемость,SB9380ST,1990,1810,Профессиональные баллистические стрелковые очки Pyramex - Proximity SB9380ST -противоосколочные очки,https://www.pyramex.net/sb9380st/,https://www.pyramex.net/wa-data/public/shop/products/18/03/318/images/613/613.750.jpg
Proximity SB9323ST (Anti-Fog) темно-серые линзы 7% светопропускаемость,SB9323ST,1990,1810,Профессиональные баллистические стрелковые очки Pyramex - Proximity SB9323ST -противоосколочные очки,https://www.pyramex.net/sb9323st/,https://www.pyramex.net/wa-data/public/shop/products/19/03/319/images/603/603.750.jpg
Proximity SB9330ST (Anti-Fog) желтые линзы 89% светопропускаемость,SB9330ST,1990,1810,Профессиональные баллистические стрелковые очки Pyramex - Proximity SB9330ST -противоосколочные очки,https://www.pyramex.net/sb9330st/,https://www.pyramex.net/wa-data/public/shop/products/20/03/320/images/608/608.750.jpg
Proximity SB9310ST (Anti-Fog) прозрачные линзы 96% светопропускаемость,SB9310ST,1990,1810,Профессиональные баллистические стрелковые очки Pyramex - Proximity SB9310ST -противоосколочные очки,https://www.pyramex.net/sb9310st/,https://www.pyramex.net/wa-data/public/shop/products/21/03/321/images/598/598.750.jpg
PMX5050 SCF6870D зеркально-серые линзы 16% светопропускаемость,SCF6870D,2190,1990,PMX5050 SCF6870D зеркально-серые линзы 16% светопропускаемость,https://www.pyramex.net/pmx5050-scf6870d/,https://www.pyramex.net/wa-data/public/shop/products/63/03/363/images/944/944.750.jpg
Venture 2 SGM1810S прозрачные 96% светопропускаемость,SGM1810S,2290,2080,Venture 2 SGM1810S прозрачные 96% светопропускаемость,https://www.pyramex.net/venture-2-sgm1810s/,https://www.pyramex.net/wa-data/public/shop/products/56/04/456/images/1409/1409.750.jpg
Venture 2 SGM1820S серые 23% светопропускаемость,SGM1820S,2290,2080,Venture 2 SGM1820S серые 23% светопропускаемость,https://www.pyramex.net/venture-2-sgm1820s/,https://www.pyramex.net/wa-data/public/shop/products/57/04/457/images/1414/1414.750.jpg
PMXTREME SCM6310STP (Anti-Fog Камуфляж) прозрачные линзы 96% светопропускаемость,SCM6310STP,2390,2170,"Профессиональные стрелковые очки Pyramex - PMXTREME SCM6310STP (Anti-Fog, Камуфляж) - противоосколочные защитные очки",https://www.pyramex.net/pmxtreme-scm6310stp/,https://www.pyramex.net/wa-data/public/shop/products/11/02/211/images/333/333.750.jpg
PMXTREME SCM6318STP (Anti-Fog Камуфляж) коричневые линзы 50% светопропускаемость,SCM6318STP,2390,2170,"Профессиональные стрелковые очки Pyramex - PMXTREME SCM6318STP (Anti-Fog, Камуфляж) - противоосколочные защитные очки",https://www.pyramex.net/pmxtreme-scm6318stp/,https://www.pyramex.net/wa-data/public/shop/products/12/02/212/images/337/337.750.jpg
Fyxate SB10210STMFP Прозрачные 96%,SB10210STMFP,2450,2230,Fyxate SB10210STMFP Прозрачные 96%,https://www.pyramex.net/fyxate-sb10210stmfp-prozrachnye-96/,https://www.pyramex.net/wa-data/public/shop/products/71/04/471/images/1480/1480.750.jpg
Trifecta SB76WMD Anti-fog сетка Черные 0%,SB76WMD,2490,2270,Trifecta SB76WMD Anti-fog сетка Черные 0%,https://www.pyramex.net/trifecta-sb76wmd/,https://www.pyramex.net/wa-data/public/shop/products/59/03/359/images/910/910.750.jpg
PMXTREME SB6320STRX (Anti-Fog Diopter) темно-серые линзы 23% светопропускаемость,SB6320STRX,3190,2900,Профессиональные стрелковые очки Pyramex - PMXTREME SB6310STRX - противоосколочные защитные очки с диоптрической вставкой,https://www.pyramex.net/pmxtreme-sb6320strx/,https://www.pyramex.net/wa-data/public/shop/products/08/03/308/images/643/643.750.jpg
Pagosa VGSB518T (Anti-Fog) коричневые линзы 23% светопропускаемость,VGSB518T,3350,3050,Профессиональные стрелковые очки Pyramex Venture Gear Pagosa VGSB518T (Anti-Fog) - противоосколочные защитные очки,https://www.pyramex.net/pagosa-sb518t/,https://www.pyramex.net/wa-data/public/shop/products/99/01/199/images/273/273.750.jpg
Pagosa VGSW518T  (Anti-Fog) коричневые линзы 23% светопропускаемость,VGSW518T,3350,3050,Профессиональные стрелковые очки Pyramex Venture Gear Pagosa VGSW518T (Anti-Fog) - противоосколочные защитные очки,https://www.pyramex.net/pagosa-sw518t/,https://www.pyramex.net/wa-data/public/shop/products/01/02/201/images/283/283.750.jpg
Pagosa VGSW522T (Anti-Fog) темно-зеленые линзы 10% светопропускаемость,VGSW522T,3350,3050,Профессиональные стрелковые очки Pyramex Venture Gear Pagosa VGSW518T (Anti-Fog) - противоосколочные защитные очки,https://www.pyramex.net/pagosa-sw518t-anti-fog/,https://www.pyramex.net/wa-data/public/shop/products/02/02/202/images/293/293.750.jpg
Forum VGSB6670D зеркально-серые линзы 16% светопропускаемость,VGSB6670D,3490,3180,Forum VGSB6670D зеркально-серые линзы 16% светопропускаемость,https://www.pyramex.net/forum-vgsb6670d/,https://www.pyramex.net/wa-data/public/shop/products/60/03/360/images/918/918.750.jpg
Forum VGSB6680D зеркально-серые линзы 50% светопропускаемость,VGSB6680D,3490,3180,Forum VGSB6680D зеркально-серые линзы 50% светопропускаемость,https://www.pyramex.net/forum-vgsb6680d/,https://www.pyramex.net/wa-data/public/shop/products/61/03/361/images/928/928.750.jpg
Zumbro VGSBR218T (Anti-Fog) коричневые линзы 23% светопропускаемость,VGSBR218T,3790,3450,Профессиональные стрелковые очки Pyramex Venture Gear - Zumbro VGSBR218T (Anti-Fog) - противоосколочные защитные очки с антифогом,https://www.pyramex.net/zumbro-vgsbr218t/,https://www.pyramex.net/wa-data/public/shop/products/44/02/244/images/382/382.750.jpg
Zumbro VGSBR227T (Anti-Fog) красные линзы 23% светопропускаемость,VGSBR227T,3790,3450,Профессиональные стрелковые очки Pyramex Venture Gear - Zumbro VGSBR227T (Anti-Fog) - противоосколочные защитные очки с антифогом,https://www.pyramex.net/zumbro-vgsbr227t/,https://www.pyramex.net/wa-data/public/shop/products/45/02/245/images/387/387.750.jpg
Zumbro VGSBR230T (Anti-Fog) желтые линзы 89% светопропускаемость,VGSBR230T,3790,3450,Профессиональные стрелковые очки Pyramex Venture Gear - Zumbro VGSBR230T (Anti-Fog) - противоосколочные защитные очки с антифогом,https://www.pyramex.net/zumbro-vgsbr230t/,https://www.pyramex.net/wa-data/public/shop/products/46/02/246/images/392/392.750.jpg
Carbondale CHRT218D коричневые 23% светопропускаемость,CHRT218D,3790,3450,Carbondale CHRT218D коричневые 23% светопропускаемость,https://www.pyramex.net/carbondale-chrt218d/,https://www.pyramex.net/wa-data/public/shop/products/28/04/428/images/1174/1174.750.jpg
Carbondale CHRT290D зеркально-серые 15% светопропускаемость,CHRT290D,3890,3540,Carbondale CHRT290D зеркально-серые 15% светопропускаемость,https://www.pyramex.net/carbondale-chrt290d/,https://www.pyramex.net/wa-data/public/shop/products/30/04/430/images/1184/1184.750.jpg
PMXTREME SB6310SPLED прозрачные линзы 96% светопропускаемость,SB6310SPLED,4150,3780,Профессиональные стрелковые очки Pyramex - PMXTREME SB6310SPLED c встроенным светодиодным фонариком - противоосколочные защитные очки,https://www.pyramex.net/pmxtreme-sb6310spled/,https://www.pyramex.net/wa-data/public/shop/products/07/02/207/images/343/343.750.jpg
Ironside CHRT618DT (Anti-Fog) коричневые 23% светопропускаемость,CHRT618DT,4590,4180,Ironside CHRT618DT (Anti-Fog) коричневые 23% светопропускаемость,https://www.pyramex.net/ironside-chrt618dt/,https://www.pyramex.net/wa-data/public/shop/products/42/04/442/images/1265/1265.750.jpg
Ironside CHRT620DT (Anti-Fog) серые 23% светопропускаемость,CHRT620DT,4590,4180,Ironside CHRT620DT (Anti-Fog) серые 23% светопропускаемость,https://www.pyramex.net/ironside-chrt620dt/,https://www.pyramex.net/wa-data/public/shop/products/43/04/443/images/1270/1270.750.jpg
Ironside CHRT690DT (Anti-Fog) зеркально-серые 15% светопропускаемость,CHRT690DT,4790,4360,Ironside CHRT690DT (Anti-Fog) зеркально-серые 15% светопропускаемость,https://www.pyramex.net/ironside-chrt690dt/,https://www.pyramex.net/wa-data/public/shop/products/44/04/444/images/1275/1275.750.jpg
Brevard VGSCM1026DTB (Anti-Fog) темно-зеленые линзы 10% светопропускаемость,VGSCM1026DTB,4990,4540,Brevard VGSCM1026DTB,https://www.pyramex.net/vgscm1026dtb-anti-fog/,https://www.pyramex.net/wa-data/public/shop/products/25/03/325/images/767/767.750.jpg
Brevard VGSCM1018DTB (Anti-Fog) Коричневые 23%,VGSCM1018DTB,4990,4540,Brevard VGSCM1018DTB (Anti-Fog),https://www.pyramex.net/vgscm1018dtb-anti-fog/,https://www.pyramex.net/wa-data/public/shop/products/26/03/326/images/762/762.750.jpg
Brevard VGSCM1010DTB (Anti-Fog) прозрачные линзы 96% светопропускаемость,VGSCM1010DTB,4990,4540,Brevard VGSCM1010DTB (Anti-Fog),https://www.pyramex.net/vgscm1010dtb-anti-fog/,https://www.pyramex.net/wa-data/public/shop/products/27/03/327/images/757/757.750.jpg
Tensaw VGSB310T (Anti-Fog) прозрачные 96% светопропускаемость,VGSB310T,5190,4720,Tensaw VGSB310T (Anti-Fog) прозрачные 96% светопропускаемость,https://www.pyramex.net/tensaw-vgsb310t/,https://www.pyramex.net/wa-data/public/shop/products/10/04/410/images/1345/1345.750.jpg
Tensaw VGSB327T (Anti-Fog) красные 23% светопропускаемость,VGSB327T,5190,4720,Tensaw VGSB327T (Anti-Fog) красные 23% светопропускаемость,https://www.pyramex.net/tensaw-vgsb327t/,https://www.pyramex.net/wa-data/public/shop/products/11/04/411/images/1350/1350.750.jpg
Tensaw VGSB370T (Anti-Fog) зеркально-серые 16% светопропускаемость,VGSB370T,5190,4720,Tensaw VGSB370T (Anti-Fog) зеркально-серые 16% светопропускаемость,https://www.pyramex.net/tensaw-vgsb370t/,https://www.pyramex.net/wa-data/public/shop/products/13/04/413/images/1360/1360.750.jpg
Overwatch VGSB718T (Anti-Fog) бронзовые линзы 23% светопропускаемость,VGSB718T,5590,5090,Профессиональные баллистические тактические очки Pyramex Venture Gear - Overwatch VGSB718T (Anti-Fog) - противоосколочные защитные очки с антифогом,https://www.pyramex.net/overwatch-sb718t-anti-fog/,https://www.pyramex.net/wa-data/public/shop/products/96/01/196/images/258/258.750.jpg
Overwatch VGSB722T (Anti-Fog) темно-зеленые линзы 10% светопропускаемость,VGSB722T,5590,5090,Профессиональные баллистические тактические очки Pyramex Venture Gear - Overwatch VGSB722T (Anti-Fog) - противоосколочные защитные очки с антифогом,https://www.pyramex.net/overwatch-sb722t-anti-fog/,https://www.pyramex.net/wa-data/public/shop/products/97/01/197/images/263/263.750.jpg
Stonewall VGSB418T (Anti-Fog) коричневые линзы 23% светопропускаемость,VGSB418T,5590,5090,Профессиональные баллистические стрелковые очки Pyramex Venture Gear Tactical - Stonewall VGSB418T (Anti-Fog) - противоосколочные защитные очки с антифогом,https://www.pyramex.net/stonewall-sb418t-anti-fog/,https://www.pyramex.net/wa-data/public/shop/products/16/02/216/images/363/363.750.jpg
Stonewall VGSB422T (Anti-Fog) темно-зеленые линзы 10% светопропускаемость,VGSB422T,5590,5090,Профессиональные баллистические стрелковые очки Pyramex Venture Gear Tactical - Stonewall VGSB422T (Anti-Fog) - противоосколочные защитные очки с антифогом,https://www.pyramex.net/stonewall-sb422t-anti-fog/,https://www.pyramex.net/wa-data/public/shop/products/17/02/217/images/368/368.750.jpg
Stonewall VGSB470T (Anti-Fog) зеркально-серые линзы 16% светопропускаемость,VGSB470T,5590,5090,Профессиональные баллистические стрелковые очки Pyramex Venture Gear Tactical - Stonewall VGSB470T (Anti-Fog) - противоосколочные защитные очки с антифогом,https://www.pyramex.net/stonewall-sb470t-anti-fog/,https://www.pyramex.net/wa-data/public/shop/products/18/02/218/images/373/373.750.jpg
Overwatch VGSG718T (Anti-Fog) коричневые 23% светопропускаемость,VGSG718T,5590,5090,Overwatch VGSG718T (Anti-Fog) коричневые 23% светопропускаемость,https://www.pyramex.net/overwatch-vgsg718t/,https://www.pyramex.net/wa-data/public/shop/products/06/04/406/images/1323/1323.750.jpg
Overwatch VGSB770T (Anti-Fog) зеркально-серые линзы 16% светопропускаемость,VGSB770T,5690,5180,Профессиональные баллистические тактические очки Pyramex Venture Gear - Overwatch VGSB770T (Anti-Fog) - противоосколочные защитные очки с антифогом,https://www.pyramex.net/overwatch-sb770t-anti-fog/,https://www.pyramex.net/wa-data/public/shop/products/98/01/198/images/268/268.750.jpg
Semtex VGSB8120DT (ANTI-FOG) темно-серые линзы 23% светопропускаемость,VGSB8120DT,5990,5450,Профессиональные баллистические стрелковые очки Pyramex Venture Gear Tactical - Semtex VGSB8120DT (Anti-Fog) - противоосколочные защитные очки с антифогом,https://www.pyramex.net/semtex-sb8120dt-anti-fog/,https://www.pyramex.net/wa-data/public/shop/products/14/02/214/images/348/348.750.jpg
Semtex VGSB8170D зеркально-серые линзы 16% светопропускаемость,VGSB8170D,5990,5450,Профессиональные баллистические стрелковые очки Pyramex Venture Gear Tactical - Semtex VGSB8170D - противоосколочные защитные очки,https://www.pyramex.net/semtex-sb8170d/,https://www.pyramex.net/wa-data/public/shop/products/15/02/215/images/358/358.750.jpg
Drone VGSB8370S темно-серые линзы 16% светопропускаемость,VGSB8370S,6390,5810,Профессиональные баллистические стрелковые очки Pyramex Venture Gear Tactical - Drone VGSB8370S - противоосколочные защитные очки,https://www.pyramex.net/drone-vgsb8370s/,https://www.pyramex.net/wa-data/public/shop/products/62/01/162/images/105/105.750.jpg
DUCAB2-KIT  (4 сменные линзы),DUCAB2-KIT,7690,7000,Премиальные профессиональные баллистические  стрелковые очки со сменными линзами Pyramex Ducks Unlimited DUCAB2-KIT - противоосколочные очки,https://www.pyramex.net/ducab2-kit-4-smennye-linzy/,https://www.pyramex.net/wa-data/public/shop/products/53/01/153/images/72/72.750.jpg
DUCAB-KIT (5 сменных линз),DUCAB-KIT,7990,7270,Премиальные профессиональные стрелковые очки со сменными линзами Pyramex Ducks Unlimited - DUCAB-KIT - противоосколочные очки - противоосколочные защитные очки,https://www.pyramex.net/ducab-kit/,https://www.pyramex.net/wa-data/public/shop/products/64/01/164/images/112/112.750.jpg
Dropzone VGSB88KIT (4 сменные линзы),VGSB88KIT,8690,7910,Премиальные профессиональные стрелковые очки со сменными линзами Pyramex Venture Gear Dropzone VGSB88KIT  - противоосколочные защитные очки,https://www.pyramex.net/dropzone-sb88kit-4-linzy-anti-fog/,https://www.pyramex.net/wa-data/public/shop/products/63/01/163/images/108/108.750.jpg
Pagosa VGSB523 темно-серые линзы 7% светопропускаемость,VGSB523,10890,9910,Pagosa VGSB523,https://www.pyramex.net/vgsb523/,https://www.pyramex.net/wa-data/public/shop/products/30/03/330/images/742/742.750.JPG
Tensaw VGSB323 темно-серые линзы 7% светопропускаемость,VGSB323,11450,10420,Tensaw VGSB323,https://www.pyramex.net/vgsb323/,https://www.pyramex.net/wa-data/public/shop/products/29/03/329/images/749/749.750.JPG
Tensaw VGSWR351 Polarized зеркально-красные 7%,VGSWR351,11450,10420,Tensaw VGSWR351 Polarized зеркально-красные 7%,https://www.pyramex.net/tensaw-vgswr351/,https://www.pyramex.net/wa-data/public/shop/products/55/04/455/images/1365/1365.750.jpg
Intruder S4110S прозрачные 96% светопропускаемость,S4110S,750,680,Intruder S4110S прозрачные 96% светопропускаемость,https://www.pyramex.net/intruder-s4110s/,https://www.pyramex.net/wa-data/public/shop/products/31/04/431/images/1211/1211.750.jpg
Intruder S4110ST (Anti-Fog) прозрачные 96% светопропускаемость,S4110ST,850,770,Intruder S4110ST (Anti-Fog) прозрачные 96% светопропускаемость,https://www.pyramex.net/intruder-s4110st/,https://www.pyramex.net/wa-data/public/shop/products/32/04/432/images/1212/1212.750.jpg
Provoq S7220S темно-серые линзы 23% светопропускаемость,S7220S,950,860,Профессиональные баллистические стрелковые очки начального уровня Pyramex - Provoq S7220S - противоосколочные защитные очки,https://www.pyramex.net/s7220s/,https://www.pyramex.net/wa-data/public/shop/products/13/03/313/images/653/653.750.jpg
Provoq S7240S оранжевые линзы 51% светопропускаемость,S7240S,950,860,Профессиональные баллистические стрелковые очки начального уровня Pyramex - Provoq S7240S - противоосколочные защитные очки,https://www.pyramex.net/s7240s/,https://www.pyramex.net/wa-data/public/shop/products/15/03/315/images/663/663.750.jpg
Provoq S7255S хамелеон 14% светопропускаемость,S7255S,1090,990,Provoq S7255S хамелеон 14% светопропускаемость,https://www.pyramex.net/provoq-s7255s-khameleon-14-svetopropuskaemost/,https://www.pyramex.net/wa-data/public/shop/products/87/03/387/images/1136/1136.750.jpg
Беруши + очки Mini Ztek (PMX) PYS2510SNDP (31ДБ) (Детские) прозрачные линзы 96% светопропускаемость,PYS2510SNDP,1190,1080,Профессиональные стрелковые очки + беруши Mini Ztek  (PMX) PYS2510SNDP (31ДБ) - противоосколочные защитные очки,https://www.pyramex.net/mini-ztek-pys2510sndp-berushi-31db/,https://www.pyramex.net/wa-data/public/shop/products/54/01/154/images/556/556.750.jpg
Беруши + очки Mini Ztek (PMX) PYS2530SNDP (31ДБ) (Детские) желтые линзы 89% светопропускаемость,PYS2530SNDP,1190,1080,Профессиональные стрелковые очки + беруши Mini Ztek  (PMX) PYS2530SNDP (31ДБ) - противоосколочные защитные очки,https://www.pyramex.net/mini-ztek-pys2530sndp-berushi-31db/,https://www.pyramex.net/wa-data/public/shop/products/55/01/155/images/562/562.750.jpg
iTEK S5830S желтые линзы 89% светопропускаемость,S5830S,1190,1080,Профессиональные баллистические стрелковые очки начального уровня Pyramex - iTEK S5830S - противоосколочные защитные очки,https://www.pyramex.net/itek-s5830s/,https://www.pyramex.net/wa-data/public/shop/products/93/01/193/images/241/241.750.jpg
Беруши + очки Ztek (PMX) PYS2530SDP (31ДБ) желтые линзы 89% светопропускаемость,PYS2530SDP,1190,1080,Профессиональные стрелковые очки + беруши (31ДБ) Mini Ztek  (PMX) PYS2530SDP - противоосколочные защитные очки,https://www.pyramex.net/ochki-ztek-pys2530sdp-berushi-31db/,https://www.pyramex.net/wa-data/public/shop/products/10/03/310/images/687/687.750.jpg
Беруши + очки Ztek (PMX) PYS2510SDP (31ДБ) прозрачные линзы 96% светопропускаемость,PYS2510SDP,1190,1080,Профессиональные стрелковые очки + беруши (31ДБ) Mini Ztek  (PMX) PYS2510SDP - противоосколочные защитные очки,https://www.pyramex.net/ochki-ztek-pys2510sdp-berushi-31db/,https://www.pyramex.net/wa-data/public/shop/products/11/03/311/images/681/681.750.jpg
iTEK S5810STADJ (Anti-Fog) прозрачные линзы 96% светопропускаемость,S5810STADJ,1250,1140,iTEK S5810S прозрачные линзы 96% светопропускаемость,https://www.pyramex.net/itek-s5810stadj-anti-fog-prozrachnye-linzy-96-svetopropuskaemost/,https://www.pyramex.net/wa-data/public/shop/products/86/03/386/images/1124/1124.750.jpg
PMXTREME SB6310SP прозрачные линзы 96% светопропускаемость,SB6310SP,1390,1260,Профессиональные стрелковые очки Pyramex - PMXTREME SB6310SP - противоосколочные защитные очки,https://www.pyramex.net/pmxtreme-sb6310sp/,https://www.pyramex.net/wa-data/public/shop/products/06/02/206/images/312/312.750.jpg
PMXTREME SB6320SP темно-серые линзы 23% светопропускаемость,SB6320SP,1390,1260,Профессиональные стрелковые очки Pyramex - PMXTREME SB6320SP - противоосколочные защитные очки,https://www.pyramex.net/pmxtreme-sb6320sp/,https://www.pyramex.net/wa-data/public/shop/products/08/02/208/images/317/317.750.jpg
Venture 2 SB1810S прозрачные линзы 96% светопропускаемость,SB1810S,1450,1320,Профессиональные баллистические стрелковые очки Pyramex - Venture 2 SB1810S - противоосколочные защитные очки,https://www.pyramex.net/venture-2-rvgsb1810s/,https://www.pyramex.net/wa-data/public/shop/products/31/02/231/images/481/481.750.jpg
Venture 2 SH1830S (Камуфляж) желтые линзы 89% светопропускаемость,SH1830S,1450,1320,Профессиональные баллистические стрелковые очки Pyramex - Venture 2 SH1830S (Камуфлированная оправа) - защитные противоосколочные очки,https://www.pyramex.net/venture-2-sh1830s/,https://www.pyramex.net/wa-data/public/shop/products/37/02/237/images/513/513.750.jpg
Venture 3 SB5730D желтые линзы 89% светопропускаемость,SB5730D,1490,1360,Профессиональные баллистические стрелковые очки Pyramex - Venture 3 SB5730D - защитные противоосколочные очки,https://www.pyramex.net/venture-3-sb5730d/,https://www.pyramex.net/wa-data/public/shop/products/40/02/240/images/528/528.750.jpg
Rendezvous SB2830S желтые линзы 89% светопропускаемость,SB2830S,1490,1360,Rendezvous SB2830S желтые линзы 89% светопропускаемость,https://www.pyramex.net/rendezvous-sb2830s/,https://www.pyramex.net/wa-data/public/shop/products/77/03/377/images/1064/1064.750.jpg
Onix SP4910S прозрачные линзы 96% светопропускаемость,SP4910S,1550,1410,Профессиональные баллистические стрелковые очки Pyramex - Onix SP4910S - противоосколочные защитные очки,https://www.pyramex.net/onix-sp4910s/,https://www.pyramex.net/wa-data/public/shop/products/95/01/195/images/253/253.750.jpg
Intrepid II SB8820S серые линзы 23% светопропускаемость,SB8820S,1550,1410,Intrepid II SB8820S серые линзы 23% светопропускаемость,https://www.pyramex.net/intrepid-ii-sb8820s/,https://www.pyramex.net/wa-data/public/shop/products/71/03/371/images/1005/1005.750.jpg
Onix SB4910S прозрачные линзы 96% светопропускаемость,SB4910S,1550,1410,Onix SB4910S прозрачные линзы 96% светопропускаемость,https://www.pyramex.net/onix-SB4910S/,https://www.pyramex.net/wa-data/public/shop/products/68/04/468/images/1474/1474.750.jpg
Rotator SB7820S темно-серые линзы 23% светопропускаемость,SB7820S,1590,1450,Профессиональные стрелковые очки Pyramex - Rotator SB7820S - противоосколочные очки,https://www.pyramex.net/sb7820s/,https://www.pyramex.net/wa-data/public/shop/products/58/01/158/images/85/85.750.jpg
Rotator SB7880S зеркально-серые линзы 50% светопропускаемость,SB7880S,1750,1590,Профессиональные стрелковые очки Pyramex Rotator SB7880S - противоосколочные очки,https://www.pyramex.net/rotator-sb7880s/,https://www.pyramex.net/wa-data/public/shop/products/60/01/160/images/90/90.750.jpg
PMX5050 SCF6810D прозрачные линзы 96% светопропускаемость,SCF6810D,2190,1990,Профессиональные стрелковые очки Pyramex - PMX5050 SCF6810D - противоосколочные защитные очки,https://www.pyramex.net/pmx5050-scf6810d/,https://www.pyramex.net/wa-data/public/shop/products/03/02/203/images/298/298.750.jpg
PMX5050 SCF6818D коричневые линзы 23% светопропускаемость,SCF6818D,2190,1990,PMX5050 SCF6818D коричневые линзы 23% светопропускаемость,https://www.pyramex.net/pmx5050-scf6818d-korichnevye-linzy-23-svetopropuskaemost/,https://www.pyramex.net/wa-data/public/shop/products/85/03/385/images/1121/1121.750.jpg
IONIX SB8110D прозрачные 96% светопропускаемость,SB8110D,2190,1990,IONIX SB8110D прозрачные 96% светопропускаемость,https://www.pyramex.net/ionix-sb8110d/,https://www.pyramex.net/wa-data/public/shop/products/38/04/438/images/1244/1244.750.jpg
IONIX SB8120D прозрачные 23% светопропускаемость,SB8120DT,2190,1990,IONIX SB8120D прозрачные 23% светопропускаемость,https://www.pyramex.net/ionix-sb8120dt/,https://www.pyramex.net/wa-data/public/shop/products/39/04/439/images/1246/1246.750.jpg
IONIX SB8170D зекально-серебристые 16% светопропускаемость,SB8170D,2190,1990,IONIX SB8170D зекально-серебристые 16% светопропускаемость,https://www.pyramex.net/ionix-sb8170d/,https://www.pyramex.net/wa-data/public/shop/products/40/04/440/images/1253/1253.750.jpg
Venture 2 SGM1880S зеркально-серые 50% светопропускаемость,SGM1880S,2290,2080,Venture 2 SGM1880S зеркально-серые 50% светопропускаемость,https://www.pyramex.net/venture-2-sgm1880s/,https://www.pyramex.net/wa-data/public/shop/products/58/04/458/images/1419/1419.750.jpg
PMXTREME SCM6320STP (Anti-Fog Камуфляж) темно-серые линзы 23% светопропускаемость,SCM6320STP,2390,2170,"PMXTREME SCM6320STP (Anti-Fog, Камуфляж)",https://www.pyramex.net/pmxtreme-scm6320stp/,https://www.pyramex.net/wa-data/public/shop/products/13/02/213/images/593/593.750.jpg
PMXTREME SB6310STRX (Anti-Fog Diopter) прозрачные линзы 96%,SB6310STRX,3190,2900,Профессиональные стрелковые очки Pyramex - PMXTREME SB6310STRX - противоосколочные защитные очки с диоптрической вставкой,https://www.pyramex.net/pmxtreme-sb6310strx/,https://www.pyramex.net/wa-data/public/shop/products/09/03/309/images/638/638.750.jpg
Pagosa VGSB522T (Anti-Fog) темно-зеленые линзы 10% светопропускаемость,VGSB522T,3350,3050,Профессиональные стрелковые очки Pyramex Venture Gear Pagosa VGSB522T (Anti-Fog) - противоосколочные защитные очки,https://www.pyramex.net/pagosa-sb522t/,https://www.pyramex.net/wa-data/public/shop/products/00/02/200/images/278/278.750.jpg
Forum VGSB6610D прозрачные линзы 96% светопропускаемость,VGSB6610D,3490,3180,Профессиональные баллистические стрелковые очки Pyramex Venture Gear - Forum VGSB6610D - противоосколочные защитные очки,https://www.pyramex.net/forum-sb6610d/,https://www.pyramex.net/wa-data/public/shop/products/73/01/173/images/136/136.750.jpg
Forum VGSB6620D темно-серые линзы 23% светопропускаемость,VGSB6620D,3490,3180,Профессиональные баллистические стрелковые очки Pyramex Venture Gear - Forum VGSB6620D - противоосколочные защитные очки,https://www.pyramex.net/forum-sb6620d/,https://www.pyramex.net/wa-data/public/shop/products/74/01/174/images/141/141.750.jpg
Forum VGSB6627D красные линзы 50% светопропускаемость,VGSB6627D,3490,3180,Профессиональные баллистические стрелковые очки Pyramex Venture Gear - Forum VGSB6627D - противоосколочные защитные очки,https://www.pyramex.net/forum-sb6627d/,https://www.pyramex.net/wa-data/public/shop/products/75/01/175/images/144/144.750.jpg
Zumbro VGSBR210T (Anti-Fog) прозрачные линзы 96% светопропускаемость,VGSBR210T,3790,3450,Профессиональные стрелковые очки Pyramex Venture Gear - Zumbro VGSBR210T (Anti-Fog) - противоосколочные защитные очки с антифогом,https://www.pyramex.net/zumbro-vgsbr210t/,https://www.pyramex.net/wa-data/public/shop/products/43/02/243/images/376/376.750.jpg
Carbondale CHRT220D серые 23% светопропускаемость,CHRT220D,3790,3450,Carbondale CHRT220D серые 23% светопропускаемость,https://www.pyramex.net/carbondale-chrt220d/,https://www.pyramex.net/wa-data/public/shop/products/29/04/429/images/1179/1179.750.jpg
Ironside CHB618DT (Anti-Fog) коричневые 23% светопропускаемость,CHB618DT,4590,4180,Ironside CHB618DT (Anti-Fog) коричневые 23% светопропускаемость,https://www.pyramex.net/ironside-chb618dt/,https://www.pyramex.net/wa-data/public/shop/products/41/04/441/images/1259/1259.750.jpg
Tensaw VGSB330T (Anti-Fog) желтые 89% светопропускаемость,VGSB330T,5190,4720,Tensaw VGSB330T (Anti-Fog) желтые 89% светопропускаемость,https://www.pyramex.net/tensaw-vgsb330t/,https://www.pyramex.net/wa-data/public/shop/products/12/04/412/images/1355/1355.750.jpg
Howitzer VGST1310T (Anti-Fog) прозрачные 96% светопропускаемость,VGST1310T,5650,5140,Howitzer VGST1310T (Anti-Fog) прозрачные 96% светопропускаемость,https://www.pyramex.net/howitzer-vgst1310t/,https://www.pyramex.net/wa-data/public/shop/products/04/04/404/images/1199/1199.750.jpg
Howitzer VGST1322T (Anti-Fog) темно-зеленые 10% светопропускаемость,VGST1322T,5650,5140,Howitzer VGST1322T (Anti-Fog) темно-зеленые 10% светопропускаемость,https://www.pyramex.net/howitzer-vgst1322t/,https://www.pyramex.net/wa-data/public/shop/products/05/04/405/images/1205/1205.750.jpg
Semtex 2.0 VGST1410T (Anti-Fog) прозрачные 96% светопропускаемость,VGST1410T,5690,5180,Semtex 2.0 VGST1410T (Anti-Fog) прозрачные 96% светопропускаемость,https://www.pyramex.net/semtex-2.0-vgst1410t/,https://www.pyramex.net/wa-data/public/shop/products/08/04/408/images/1337/1337.750.jpg
Semtex 2.0 VGST1422T (Anti-Fog) темно-зеленые 10% светопропускаемость,VGST1422T,5690,5180,Semtex 2.0 VGST1422T (Anti-Fog) темно-зеленые 10% светопропускаемость,https://www.pyramex.net/semtex-2.0-vgst1422t/,https://www.pyramex.net/wa-data/public/shop/products/09/04/409/images/1341/1341.750.jpg
Drone VGSB8320ST (Anti-Fog) серые линзы 65% светопропускаемость,VGSB8320ST,6390,5810,Профессиональные баллистические стрелковые очки Pyramex Venture Gear Tactical - Drone VGSB8320ST (ANTI-FOG) - противоосколочные защитные очки,https://www.pyramex.net/drone-vgsb8320st/,https://www.pyramex.net/wa-data/public/shop/products/61/01/161/images/100/100.750.jpg
Goliath SB5621D темно-серые линзы 11% светопропускаемость,SB5621D,10190,9270,Профессиональные стрелковые очки Pyramex - Goliath SB5621D - противоосколочные защитные очки,https://www.pyramex.net/goliath-sb5621d/,https://www.pyramex.net/wa-data/public/shop/products/76/01/176/images/150/150.750.jpg
Очки баллистические тактические Pyramex G9WMG Anti-fog сетка черные 0%,G9WMG,1890,1720,G9WMG,https://www.pyramex.net/g9wmg/,https://www.pyramex.net/wa-data/public/shop/products/28/03/328/images/751/751.750.jpg
Crossovr SBG10610DT Anti-fog Прозрачные 86%,SBG10610DT,2250,2050,Crossovr SBG10610DT Anti-fog Прозрачные 86%,https://www.pyramex.net/pyramex-crossovr-sbg10610dt-anti-fog-prozrachnye-86/,https://www.pyramex.net/wa-data/public/shop/products/72/04/472/images/1484/1484.750.jpg
Highlander SBB5080DT (Anti-Fog) зеркально-серые линзы 50% светопропускаемость,SBB5080DT,2350,2140,Профессиональные баллистические тактические  стрелковые очки Pyramex - Highlander SBB5080DT - противоосколочные очки c антифогом,https://www.pyramex.net/highlander-sbb5080dt/,https://www.pyramex.net/wa-data/public/shop/products/79/01/179/images/166/166.750.jpg
G724T (Anti-Fog) серые линзы 23% светопропускаемость,G724T,2450,2230,Pyramex G724T (Anti-fog),https://www.pyramex.net/g724t-anti-fog/,https://www.pyramex.net/wa-data/public/shop/products/43/03/343/images/816/816.750.jpg
Highlander-Plus SBG5080DT (Anti-Fog) зеркально-серые линзы 50% светопропускаемость,SBG5080DT,2550,2320,Highlander-Plus SBG5080DT (Anti-Fog) зеркально-серые линзы 50% светопропускаемость,https://www.pyramex.net/highlander-xp-sbg5080dt/,https://www.pyramex.net/wa-data/public/shop/products/84/01/184/images/192/192.750.jpg
Torser GB10020TM (Anti-Fog) серые 23% светопропускаемость,GB10020TM,2650,2410,Torser GB10020TM (Anti-Fog) серые 23% светопропускаемость,https://www.pyramex.net/torser-gb10020tm/,https://www.pyramex.net/wa-data/public/shop/products/63/04/463/images/1385/1385.750.jpg
V2G GB1820ST (Anti-Fog Diopter ready) темно-серые линзы 23% светопропускаемость,GB1820ST,2790,2540,"Профессиональные тактические очки Pyramex - V2G GB1820ST (Anti-Fog, Diopter ready) - противоосколочные защитные очки с антифогом и диоптрической вставкой",https://www.pyramex.net/v2g-gb1820st/,https://www.pyramex.net/wa-data/public/shop/products/21/02/221/images/432/432.750.jpg
V2G GB1880ST (Anti-Fog Diopter ready) зеркально-серые линзы 50% светопропускаемость,GB1880ST,2790,2540,"Профессиональные тактические очки Pyramex - V2G GB1880ST (Anti-Fog, Diopter ready) - противоосколочные защитные очки с антифогом и диоптрической вставкой",https://www.pyramex.net/v2g-gb1880st/,https://www.pyramex.net/wa-data/public/shop/products/23/02/223/images/442/442.750.jpg
Capstone G604T2 (Anti-Fog Diopter ready) прозрачные линзы 96% светопропускаемость,G604T2,3250,2960,Профессиональная тактическая баллистическая маска Pyramex - Capstone G604T2 - противоосколочные очки,https://www.pyramex.net/capstone-g604t2/,https://www.pyramex.net/wa-data/public/shop/products/52/01/152/images/57/57.750.jpg
V3G GB8230ST (Anti-Fog) желтые линзы 89% светопропускаемость,GB8230ST,3350,3050,Профессиональные тактические очки Pyramex - V3G GB8230ST (Anti-Fog) - противоосколочные защитные очки с антифогом,https://www.pyramex.net/v3g-gb8230st/,https://www.pyramex.net/wa-data/public/shop/products/29/02/229/images/472/472.750.jpg
V3T SB10330ST (Anti-Fog) желтые 50% светопропускаемость,SB10330ST,3550,3230,V3T SB10330ST (Anti-Fog) желтые 50% светопропускаемость,https://www.pyramex.net/v3t-sb10330st/,https://www.pyramex.net/wa-data/public/shop/products/20/04/420/images/1399/1399.750.jpg
V3T SB10380ST (Anti-Fog) серые 23% светопропускаемость,SB10380ST,3550,3230,V3T SB10380ST (Anti-Fog) серые 23% светопропускаемость,https://www.pyramex.net/v3t-sb10380st/,https://www.pyramex.net/wa-data/public/shop/products/21/04/421/images/1404/1404.750.jpg
Isotope GB9410STM (Anti-Fog) прозрачные линзы 96% светопропускаемость,GB9410STM,3750,3410,Isotope GB9410STM,https://www.pyramex.net/gb9410stm/,https://www.pyramex.net/wa-data/public/shop/products/31/03/331/images/721/721.750.jpg
Isotope GB9420STM (Anti-Fog) темно-серые линзы 23% светопропускаемость,GB9420STM,3750,3410,Isotope GB9420STM,https://www.pyramex.net/gb9420stm/,https://www.pyramex.net/wa-data/public/shop/products/32/03/332/images/738/738.750.jpg
Isotope GB9430STM (Anti-Fog) желтые линзы 89% светопропускаемость,GB9430STM,3750,3410,Isotope GB9430STM (Anti-Fog) желтые линзы 89% светопропускаемость,https://www.pyramex.net/gb9430stm/,https://www.pyramex.net/wa-data/public/shop/products/33/03/333/images/731/731.750.jpg
Isotope GB9480STM (Anti-Fog) зеркально-серые линзы 50% светопропускаемость,GB9480ST,3850,3500,Isotope GB9480STM,https://www.pyramex.net/gb9480stm/,https://www.pyramex.net/wa-data/public/shop/products/34/03/334/images/726/726.750.jpg
Toccoa CHRT1010DTMP (Anti-Fog) прозрачные 96% светопропускаемость,CHRT1010DTMP,4690,4270,Toccoa CHRT1010DTMP (Anti-Fog) прозрачные 96% светопропускаемость,https://www.pyramex.net/toccoa-chrt1010dtmp/,https://www.pyramex.net/wa-data/public/shop/products/16/04/416/images/1370/1370.750.jpg
Carthage CHRT410DTP (Anti-Fog) прозрачные 96% светопропускаемость,CHRT410DTP,4850,4410,Carthage CHRT410DTP (Anti-Fog) прозрачные 96% светопропускаемость,https://www.pyramex.net/carthage-chrt410dtp/,https://www.pyramex.net/wa-data/public/shop/products/59/04/459/images/1189/1189.750.jpg
Carthage CHRT420DTP (Anti-Fog) серые 23% светопропускаемость,CHRT420DTP,4850,4410,Carthage CHRT420DTP (Anti-Fog) серые 23% светопропускаемость,https://www.pyramex.net/carthage-chrt420dtp/,https://www.pyramex.net/wa-data/public/shop/products/60/04/460/images/1194/1194.750.jpg
V2G-Plus GB6420SDT (Anti-Fog Diopter ready) серые линзы 23% светопропускаемость,GB6420SDT,4990,4540,"Профессиональные тактические баллистические очки-маска Pyramex - V2G-Plus GB6420SDT (Anti-Fog, Diopter ready) - противоосколочные защитные очки с антифогом и диоптрической вставкой",https://www.pyramex.net/v2g-plus-gb6420sdt/,https://www.pyramex.net/wa-data/public/shop/products/26/02/226/images/457/457.750.jpg
I-Force Slim (Wolfhound) VGSB7030SDNT (Anti-Fog Узкие) желтые линзы 89% светопропускаемость,VGSB7030SDNT,5390,4900,Профессиональные баллистические тактические очки Pyramex Venture Gear I-Force Slim (Wolfhound) VGSB7030SDNT (Узкие) - противоосколочные защитные очки с антифогом,https://www.pyramex.net/i-force-slim-sb7030sdnt/,https://www.pyramex.net/wa-data/public/shop/products/90/01/190/images/225/225.750.jpg
Capstone Shield GG504TSHIELD прозрачные линзы 96% светопропускаемость,G504TSHIELD,5590,5090,Профессиональная тактическая баллистическая маска Pyramex Capstone Shield GG504TSHIELD - противоосколочные очки,https://www.pyramex.net/capstone-g504tshield/,https://www.pyramex.net/wa-data/public/shop/products/51/01/151/images/75/75.750.jpg
XSG-KIT GB4010KIT (3 сменные линзы Anti-Fog),GB4010KIT,9350,8510,Премиальные профессиональные баллистические стрелковые очки Pyramex - XSG-KIT GB4010KIT (3 сменные линзы. Anti-Fog) - защитные противоосколочные очки со сменными линзами и антифоговым покрытием,https://www.pyramex.net/xsg-kit-gb4010kit/,https://www.pyramex.net/wa-data/public/shop/products/42/02/242/images/397/397.750.jpg
PMXEL SB7321DT (Anti-Fog) темно-серые линзы 11% светопропускаемость,SB7321DT,10490,9550,Премиальные профессиональные тактические очки Pyramex - PMXEL SB7321DT (Anti-Fog) - противоосколочные защитные очки,https://www.pyramex.net/pmxel-SB7321DT/,https://www.pyramex.net/wa-data/public/shop/products/05/02/205/images/307/307.750.jpg
G704T (Anti-Fog) прозрачные линзы 96% светопропускаемость,G704T,2150,1960,Pyramex G704T (Anti-fog),https://www.pyramex.net/g704t-anti-fog/,https://www.pyramex.net/wa-data/public/shop/products/42/03/342/images/805/805.750.jpg
Highlander SBB5010DT (Anti-Fog) прозрачные линзы 96% светопропускаемость,SBB5010DT,2290,2080,Профессиональные баллистические тактические  стрелковые очки Pyramex - Highlander SBB5010DT - противоосколочные очки c антифогом,https://www.pyramex.net/highlander-sbb5010DT/,https://www.pyramex.net/wa-data/public/shop/products/77/01/177/images/156/156.750.jpg
Highlander SBB5020DT (Anti-Fog) темно-серые линзы 23% светопропускаемость,SBB5020DT,2290,2080,Профессиональные баллистические тактические  стрелковые очки Pyramex - Highlander SBB5020DT -противоосколочные очки с антифогом,https://www.pyramex.net/highlander-sbb5020dt/,https://www.pyramex.net/wa-data/public/shop/products/78/01/178/images/161/161.750.jpg
Highlander SBR5010DT (Красные Anti-Fog) прозрачные линзы 96% светопропускаемость,SBR5010DT,2290,2080,Профессиональные баллистические тактические  стрелковые очки Pyramex - Highlander SBR5010DT - противоосколочные очки c антифогом,https://www.pyramex.net/highlander-sbr5010dt/,https://www.pyramex.net/wa-data/public/shop/products/80/01/180/images/171/171.750.jpg
Highlander-Plus SBG5020DT (Anti-Fog) темно-серые линзы 23% светопропускаемость,SBG5020DT,2490,2270,Профессиональные баллистические тактические очки Pyramex - Highlander-Plus SBG5020DT - противоосколочные очки c антифогом,https://www.pyramex.net/highlander-xp-sbg5020dt/,https://www.pyramex.net/wa-data/public/shop/products/82/01/182/images/182/182.750.jpg
Highlander-Plus SBG5030DT (Anti-Fog) желтые линзы 89% светопропускаемость,SBG5030DT,2490,2270,Профессиональные баллистические тактические очки Pyramex - Highlander-Plus SBG5030DT - противоосколочные очки c антифогом,https://www.pyramex.net/highlander-xp-sbg5030dt/,https://www.pyramex.net/wa-data/public/shop/products/83/01/183/images/187/187.750.jpg
Torser GB10010TM (Anti-Fog) прозрачные 96% светопропускаемость,GB10010TM,2650,2410,Torser GB10010TM (Anti-Fog) прозрачные 96% светопропускаемость,https://www.pyramex.net/torser-gb10010tm/,https://www.pyramex.net/wa-data/public/shop/products/62/04/462/images/1381/1381.750.jpg
V2G GB1810ST (Anti-Fog Diopter ready) прозрачные линзы 96% светопропускаемость,GB1810ST,2790,2540,"Профессиональные тактические очки Pyramex - V2G GB1810ST (Anti-Fog, Diopter ready) - противоосколочные защитные очки с антифогом и диоптрической вставкой",https://www.pyramex.net/v2g-gb1810st/,https://www.pyramex.net/wa-data/public/shop/products/20/02/220/images/427/427.750.jpg
V2G GС1810ST (Камуфляж Anti-Fog Diopter ready) прозрачные линзы 96% светопропускаемость,GC1810ST,2790,2540,"Профессиональные тактические очки Pyramex - V2G GС1810ST (Камуфляж, Anti-Fog, Diopter ready) - противоосколочные защитные очки с антифогом и диоптрической вставкой камуфлированные",https://www.pyramex.net/v2g-gs1810st-kamuflyazh/,https://www.pyramex.net/wa-data/public/shop/products/24/02/224/images/447/447.750.jpg
Highlander-Plus SBG5010DT (Anti-Fog) прозрачные линзы 96% светопропускаемость,SBG5010DT,2990,2720,Профессиональные баллистические тактические очки Pyramex - Highlander-Plus SBG5010DT - противоосколочные очки c антифогом,https://www.pyramex.net/highlander-xp-sbg5010dt/,https://www.pyramex.net/wa-data/public/shop/products/81/01/181/images/177/177.750.jpg
V2G GB1830ST (Anti-Fog Diopter ready) желтые линзы 89% светопропускаемость,GB1830ST,2990,2720,"Профессиональные тактические очки Pyramex - V2G GB1830ST (Anti-Fog, Diopter ready) - противоосколочные защитные очки с антифогом и диоптрической вставкой",https://www.pyramex.net/v2g-gb1830st/,https://www.pyramex.net/wa-data/public/shop/products/22/02/222/images/437/437.750.jpg
V3G GB8210STRX (Anti-Fog Diopter ready) прозрачные линзы 96% светопропускаемость,GB8210STRX,3350,3050,"Профессиональные тактические очки Pyramex - V3G GB8210STRX (Anti-Fog, Diopter ready) - противоосколочные защитные очки с антифогом и диоптрической вставкой",https://www.pyramex.net/v3g-gb8210strx/,https://www.pyramex.net/wa-data/public/shop/products/27/02/227/images/462/462.750.jpg
V3G GB8220ST (Anti-Fog) темно-серые линзы 23% светопропускаемость,GB8220ST,3350,3050,"Профессиональные тактические очки Pyramex - V3G GB8220STRX (Anti-Fog, Diopter ready) - противоосколочные защитные очки с антифогом и диоптрической вставкой",https://www.pyramex.net/v3g-gb8220strx/,https://www.pyramex.net/wa-data/public/shop/products/28/02/228/images/468/468.750.jpg
V3G GB8280ST (Anti-Fog) зеркально-серые линзы 50% светопропускаемость,GB8280ST,3350,3050,"Профессиональные тактические очки Pyramex - V3G GB8280STRX (Anti-Fog, Diopter ready) - противоосколочные защитные очки с антифогом и диоптрической вставкой",https://www.pyramex.net/v3g-gb8280strx/,https://www.pyramex.net/wa-data/public/shop/products/30/02/230/images/478/478.750.jpg
V3T SB10310ST (Anti-Fog) прозрачные 96% светопропускаемость,SB10310ST,3550,3230,V3T SB10310ST (Anti-Fog) прозрачные 96% светопропускаемость,https://www.pyramex.net/v3t-sb10310st/,https://www.pyramex.net/wa-data/public/shop/products/18/04/418/images/1389/1389.750.jpg
V3T SB10320ST (Anti-Fog) серые 89% светопропускаемость,SB10320ST,3550,3230,V3T SB10320ST (Anti-Fog) серые 89% светопропускаемость,https://www.pyramex.net/v3t-sb10320st/,https://www.pyramex.net/wa-data/public/shop/products/19/04/419/images/1394/1394.750.jpg
XSG GC4010BST (Anti-Fog камуфляж) прозрачные линзы 96% светопропускаемость,GC4010BST,3890,3540,"XSG GC4010BST (Anti-Fog, камуфляж) прозрачные линзы 96% светопропускаемость",https://www.pyramex.net/xsg-c/,https://www.pyramex.net/wa-data/public/shop/products/44/03/344/images/852/852.750.jpg
Toccoa CHRT1020DTMP (Anti-Fog) серые 23% светопропускаемость,CHRT1020DTMP,4690,4270,Toccoa CHRT1020DTMP (Anti-Fog) серые 23% светопропускаемость,https://www.pyramex.net/toccoa-chrt1020dtmp/,https://www.pyramex.net/wa-data/public/shop/products/17/04/417/images/1375/1375.750.jpg
V2G-Plus GB6410SDT (Anti-Fog Diopter ready) прозрачные линзы 96% светопропускаемость,GB6410SDT,4990,4540,"Профессиональные тактические баллистические очки-маска Pyramex - V2G-Plus GB6410SDT (Anti-Fog, Diopter ready) - противоосколочные защитные очки с антифогом и диоптрической вставкой",https://www.pyramex.net/v2g-plus-gb6410sdt/,https://www.pyramex.net/wa-data/public/shop/products/25/02/225/images/452/452.750.jpg
I-Force (Wolfhound) VGSB7010SDT (Anti-Fog) прозрачные линзы 96% светопропускаемость,VGSB7010SDT,5390,4900,Профессиональные баллистические тактические очки Pyramex Venture Gear - I-Force (Wolfhound) VGSB7010SDT - противоосколочные защитные очки с антифогом,https://www.pyramex.net/i-force-vgsb7010sdt/,https://www.pyramex.net/wa-data/public/shop/products/85/01/185/images/196/196.750.jpg
I-Force (Wolfhound) VGSB7020SDT (Anti-Fog) серые линзы 65% светопропускаемость,VGSB7020SDT,5390,4900,Профессиональные баллистические тактические очки Pyramex Venture Gear - I-Force (Wolfhound) VGSB7020SDT - противоосколочные защитные очки с антифогом,https://www.pyramex.net/i-force-sb7020sdt/,https://www.pyramex.net/wa-data/public/shop/products/86/01/186/images/202/202.750.jpg
I-Force (Wolfhound) VGSB7030SDT (Anti-Fog) желтые линзы 89% светопропускаемость,SB7030SDT,5390,4900,Профессиональные баллистические тактические очки Pyramex Venture Gear - I-Force (Wolfhound) VGSB7030SDT - противоосколочные защитные очки с антифогом,https://www.pyramex.net/i-force-vgsb7030sdt/,https://www.pyramex.net/wa-data/public/shop/products/87/01/187/images/208/208.750.jpg
I-Force Slim (Wolfhound) VGSB7010SDNT (Anti-Fog Узкие) прозрачные линзы 96% светопропускаемость,VGSB7010SDNT,5390,4900,Профессиональные баллистические тактические очки Pyramex Venture Gear I-Force Slim (Wolfhound) VGSB7010SDNT (Узкие) - противоосколочные защитные очки с антифогом,https://www.pyramex.net/i-force-slim-sb7010sdnt/,https://www.pyramex.net/wa-data/public/shop/products/89/01/189/images/218/218.750.jpg
I-Force SB7080SDT (Anti-Fog) зеркально-серые линзы 50% светопропускаемость,SB7080SDT,5450,4960,Профессиональные баллистические тактические очки Pyramex - I-Force SB7080SDT - противоосколочные защитные очки с антифогом,https://www.pyramex.net/i-force-sb7080sdt/,https://www.pyramex.net/wa-data/public/shop/products/88/01/188/images/213/213.750.jpg
Loadout VGGB1510STM (Anti-Fog) прозрачные 96% светопропускаемость,VGGB1510STM,9590,8730,Loadout VGGB1510STM (Anti-Fog) прозрачные 96% светопропускаемость,https://www.pyramex.net/loadout-vggb1510stm/,https://www.pyramex.net/wa-data/public/shop/products/61/04/461/images/1279/1279.750.jpg
DUCAB2-KIT  (4 сменные линзы),DUCAB2-KIT,7690,7000,Премиальные профессиональные баллистические  стрелковые очки со сменными линзами Pyramex Ducks Unlimited DUCAB2-KIT - противоосколочные очки,https://www.pyramex.net/ducab2-kit-4-smennye-linzy/,https://www.pyramex.net/wa-data/public/shop/products/53/01/153/images/72/72.750.jpg
DUCAB-KIT (5 сменных линз),DUCAB-KIT,7990,7270,Премиальные профессиональные стрелковые очки со сменными линзами Pyramex Ducks Unlimited - DUCAB-KIT - противоосколочные очки - противоосколочные защитные очки,https://www.pyramex.net/ducab-kit/,https://www.pyramex.net/wa-data/public/shop/products/64/01/164/images/112/112.750.jpg
Dropzone VGSB88KIT (4 сменные линзы),VGSB88KIT,8690,7910,Премиальные профессиональные стрелковые очки со сменными линзами Pyramex Venture Gear Dropzone VGSB88KIT  - противоосколочные защитные очки,https://www.pyramex.net/dropzone-sb88kit-4-linzy-anti-fog/,https://www.pyramex.net/wa-data/public/shop/products/63/01/163/images/108/108.750.jpg
XSG-KIT GB4010KIT (3 сменные линзы Anti-Fog),GB4010KIT,9350,8510,Премиальные профессиональные баллистические стрелковые очки Pyramex - XSG-KIT GB4010KIT (3 сменные линзы. Anti-Fog) - защитные противоосколочные очки со сменными линзами и антифоговым покрытием,https://www.pyramex.net/xsg-kit-gb4010kit/,https://www.pyramex.net/wa-data/public/shop/products/42/02/242/images/397/397.750.jpg
OTS XL S7510SJ прозрачные линзы 96% светопропускаемость,S7510SJ,1450,1320,"Профессиональные противоосколочные защитные очки  Pyramex OTS XL S7510SJ для защиты и ношения поверх обычных очков с диоптриями - ""очки на очки""",https://www.pyramex.net/ots-xl-s7510sj/,https://www.pyramex.net/wa-data/public/shop/products/56/01/156/images/68/68.750.jpg
OTS XL S7520SJ (Diopter ready) серые 23% светопропускаемость,S7520SJ,1450,1320,OTS XL S7520SJ (Diopter ready) серые 23% светопропускаемость,https://www.pyramex.net/ots-xl-s7520sj/,https://www.pyramex.net/wa-data/public/shop/products/53/04/453/images/1318/1318.750.jpg
Cappture S9920STMRG (Anti-Fog Diopter ready) серые 23% светопропускаемость,S9920STMRG,1790,1630,"Cappture S9920STMRG (Anti-Fog, Diopter ready) серые 23% светопропускаемость",https://www.pyramex.net/cappture-s9920stmrg/,https://www.pyramex.net/wa-data/public/shop/products/15/04/415/images/1173/1173.750.jpg
PMXTREME SB6320STRX (Anti-Fog Diopter) темно-серые линзы 23% светопропускаемость,SB6320STRX,3190,2900,Профессиональные стрелковые очки Pyramex - PMXTREME SB6310STRX - противоосколочные защитные очки с диоптрической вставкой,https://www.pyramex.net/pmxtreme-sb6320strx/,https://www.pyramex.net/wa-data/public/shop/products/08/03/308/images/643/643.750.jpg
V2G GB1820ST (Anti-Fog Diopter ready) темно-серые линзы 23% светопропускаемость,GB1820ST,2790,2540,"Профессиональные тактические очки Pyramex - V2G GB1820ST (Anti-Fog, Diopter ready) - противоосколочные защитные очки с антифогом и диоптрической вставкой",https://www.pyramex.net/v2g-gb1820st/,https://www.pyramex.net/wa-data/public/shop/products/21/02/221/images/432/432.750.jpg
V2G GB1880ST (Anti-Fog Diopter ready) зеркально-серые линзы 50% светопропускаемость,GB1880ST,2790,2540,"Профессиональные тактические очки Pyramex - V2G GB1880ST (Anti-Fog, Diopter ready) - противоосколочные защитные очки с антифогом и диоптрической вставкой",https://www.pyramex.net/v2g-gb1880st/,https://www.pyramex.net/wa-data/public/shop/products/23/02/223/images/442/442.750.jpg
Capstone G604T2 (Anti-Fog Diopter ready) прозрачные линзы 96% светопропускаемость,G604T2,3250,2960,Профессиональная тактическая баллистическая маска Pyramex - Capstone G604T2 - противоосколочные очки,https://www.pyramex.net/capstone-g604t2/,https://www.pyramex.net/wa-data/public/shop/products/52/01/152/images/57/57.750.jpg
Диоптрическая вставка для очков-маски CAPSTONE - RX600,RX600,2990,2720,"Диоптрическая вставка для очков-маски CAPSTONE - Pyramex RX600, для установки линз с увеличением",https://www.pyramex.net/vstavka-rx600/,https://www.pyramex.net/wa-data/public/shop/products/88/02/288/images/540/540.750.jpg
V2G-Plus GB6420SDT (Anti-Fog Diopter ready) серые линзы 23% светопропускаемость,GB6420SDT,4990,4540,"Профессиональные тактические баллистические очки-маска Pyramex - V2G-Plus GB6420SDT (Anti-Fog, Diopter ready) - противоосколочные защитные очки с антифогом и диоптрической вставкой",https://www.pyramex.net/v2g-plus-gb6420sdt/,https://www.pyramex.net/wa-data/public/shop/products/26/02/226/images/457/457.750.jpg
Диоптрическая вставка для очков-маски V2G-Plus - RX6400,RX6400,2990,2720,"Диоптрическая вставка для очков-маски V2G-Plus - Pyramex RX6400, для установки линз с увеличением",https://www.pyramex.net/vstavka-maski-v2g-plus-rx6400/,https://www.pyramex.net/wa-data/public/shop/products/89/02/289/images/542/542.750.jpg
Cappture S9910STMRG (Anti-Fog Diopter ready) прозрачные 96% светопропускаемость,S9910STMRG,1790,1630,"Cappture S9910STMRG (Anti-Fog, Diopter ready) прозрачные 96% светопропускаемость",https://www.pyramex.net/cappture-s9910stmrg/,https://www.pyramex.net/wa-data/public/shop/products/14/04/414/images/1162/1162.750.jpg
PMXTREME SB6310STRX (Anti-Fog Diopter) прозрачные линзы 96%,SB6310STRX,3190,2900,Профессиональные стрелковые очки Pyramex - PMXTREME SB6310STRX - противоосколочные защитные очки с диоптрической вставкой,https://www.pyramex.net/pmxtreme-sb6310strx/,https://www.pyramex.net/wa-data/public/shop/products/09/03/309/images/638/638.750.jpg
V2G GB1810ST (Anti-Fog Diopter ready) прозрачные линзы 96% светопропускаемость,GB1810ST,2790,2540,"Профессиональные тактические очки Pyramex - V2G GB1810ST (Anti-Fog, Diopter ready) - противоосколочные защитные очки с антифогом и диоптрической вставкой",https://www.pyramex.net/v2g-gb1810st/,https://www.pyramex.net/wa-data/public/shop/products/20/02/220/images/427/427.750.jpg
V2G GB1830ST (Anti-Fog Diopter ready) желтые линзы 89% светопропускаемость,GB1830ST,2990,2720,"Профессиональные тактические очки Pyramex - V2G GB1830ST (Anti-Fog, Diopter ready) - противоосколочные защитные очки с антифогом и диоптрической вставкой",https://www.pyramex.net/v2g-gb1830st/,https://www.pyramex.net/wa-data/public/shop/products/22/02/222/images/437/437.750.jpg
V2G GС1810ST (Камуфляж Anti-Fog Diopter ready) прозрачные линзы 96% светопропускаемость,GC1810ST,2790,2540,"Профессиональные тактические очки Pyramex - V2G GС1810ST (Камуфляж, Anti-Fog, Diopter ready) - противоосколочные защитные очки с антифогом и диоптрической вставкой камуфлированные",https://www.pyramex.net/v2g-gs1810st-kamuflyazh/,https://www.pyramex.net/wa-data/public/shop/products/24/02/224/images/447/447.750.jpg
Диоптрическая вставка для очков V2G - RX1800,RX1800,2390,2170,"Диоптрическая вставка для очков V2G - Pyramex Venture Gear - RX1800, для установки линз с увеличением",https://www.pyramex.net/vstavka-v2g---rx1800/,https://www.pyramex.net/wa-data/public/shop/products/86/02/286/images/537/537.750.jpg
V3G GB8210STRX (Anti-Fog Diopter ready) прозрачные линзы 96% светопропускаемость,GB8210STRX,3350,3050,"Профессиональные тактические очки Pyramex - V3G GB8210STRX (Anti-Fog, Diopter ready) - противоосколочные защитные очки с антифогом и диоптрической вставкой",https://www.pyramex.net/v3g-gb8210strx/,https://www.pyramex.net/wa-data/public/shop/products/27/02/227/images/462/462.750.jpg
Диоптрическая вставка для очков V3G - RX8200,RX8200,1990,1810,"Диоптрическая вставка для очков V3G - Pyramex RX8200, для установки линз с увеличением",https://www.pyramex.net/vstavka-rx8200/,https://www.pyramex.net/wa-data/public/shop/products/87/02/287/images/538/538.750.jpg
V2G-Plus GB6410SDT (Anti-Fog Diopter ready) прозрачные линзы 96% светопропускаемость,GB6410SDT,4990,4540,"Профессиональные тактические баллистические очки-маска Pyramex - V2G-Plus GB6410SDT (Anti-Fog, Diopter ready) - противоосколочные защитные очки с антифогом и диоптрической вставкой",https://www.pyramex.net/v2g-plus-gb6410sdt/,https://www.pyramex.net/wa-data/public/shop/products/25/02/225/images/452/452.750.jpg
Перчатки GL201X2 размер 2XL черные с синими вставками,GL201X2,4514,4110,Перчатки GL201L размер L черные с синими вставками,https://www.pyramex.net/perchatki-gl201x2-razmer-2xl-chernye-s-sinimi-vstavkami/,https://www.pyramex.net/wa-data/public/shop/products/97/03/397/images/1155/1155.750.jpg
Перчатки GL101L размер L черные с красными вставками,GL101L,2166,1970,Перчатки GL101L размер L черные с красными вставками,https://www.pyramex.net/perchatki-gl101l-razmer-l-chernye-s-krasnymi-vstavkami_1/,https://www.pyramex.net/wa-data/public/shop/products/89/03/389/images/1144/1144.750.jpg
Перчатки GL101XL размер XL черные с красными вставками,GL101XL,2166,1970,Перчатки GL101L размер L черные с красными вставками,https://www.pyramex.net/perchatki-gl101l-razmer-xl-chernye-s-krasnymi-vstavkami/,https://www.pyramex.net/wa-data/public/shop/products/90/03/390/images/1145/1145.750.jpg
Перчатки GL101X2 размер 2XL черные с красными вставками,GL101X2,2166,1970,Перчатки GL101L размер L черные с красными вставками,https://www.pyramex.net/perchatki-gl101x2-razmer-2xl-chernye-s-krasnymi-vstavkami/,https://www.pyramex.net/wa-data/public/shop/products/91/03/391/images/1146/1146.750.jpg
Перчатки GL102L размер L черные с серыми вставками,GL102L,2886,2630,Перчатки GL102L размер L черные с серыми вставками,https://www.pyramex.net/perchatki-gl102l-razmer-l-chernye-s-serymi-vstavkami/,https://www.pyramex.net/wa-data/public/shop/products/92/03/392/images/1148/1148.750.jpg
Перчатки GL102XL размер XL черные с серыми вставками,GL102XL,2886,2630,Перчатки GL102XL размер XL черные с серыми вставками,https://www.pyramex.net/perchatki-gl102xl-razmer-xl-chernye-s-krasnymi-vstavkami/,https://www.pyramex.net/wa-data/public/shop/products/93/03/393/images/1150/1150.750.jpg
Перчатки GL102X2 размер 2XL черные с серыми вставками,GL102X2,2886,2630,Перчатки GL102XL размер XL черные с красными вставками,https://www.pyramex.net/perchatki-gl102x2-razmer-2xl-chernye-s-serymi-vstavkami_1/,https://www.pyramex.net/wa-data/public/shop/products/94/03/394/images/1151/1151.750.jpg
Перчатки GL201L размер L черные с синими вставками,GL201L,4514,4110,Перчатки GL201L размер L черные с синими вставками,https://www.pyramex.net/perchatki-gl201l-razmer-l-chernye-s-sinimi-vstavkami/,https://www.pyramex.net/wa-data/public/shop/products/95/03/395/images/1153/1153.750.jpg
Перчатки GL201XL размер XL черные с синими вставками,GL201XL,4514,4110,Перчатки GL201L размер L черные с синими вставками,https://www.pyramex.net/perchatki-gl201xl-razmer-xl-chernye-s-sinimi-vstavkami/,https://www.pyramex.net/wa-data/public/shop/products/96/03/396/images/1154/1154.750.jpg
Беруши DP1001 (32 ДБ),DP1001,106,100,Беруши DP1001 (32 ДБ),https://www.pyramex.net/berushi-dp1001-32-db/,https://www.pyramex.net/wa-data/public/shop/products/88/03/388/images/1140/1140.750.jpg
Беруши PYDP1000 (32 ДБ),PYDP1000,40,40,Беруши PYDP1000 (32 ДБ),https://www.pyramex.net/pydp1000-32-db/,https://www.pyramex.net/wa-data/public/shop/products/46/03/346/images/830/830.750.jpg
Беруши PYRP2001 (27 ДБ),PYRP2001,320,290,Стрелковые беруши Pyramex Venture Gear  PYRP2001 (27 дб) - защитные беруши пассивного шумоподавления.,https://www.pyramex.net/berushi-pyrp2001-27-db/,https://www.pyramex.net/wa-data/public/shop/products/83/02/283/images/548/548.750.jpg
Наушники + беруши VGPM9010С (22 Дб пассивные),VGPM9010C2,4206,3830,"Наушники + беруши VGPM9010С (22 Дб, пассивные)",https://www.pyramex.net/naushniki--berushi-vgpm9010s-34db-passivnye/,https://www.pyramex.net/wa-data/public/shop/products/68/03/368/images/980/980.750.jpg
Наушники VGPM8010С (26ДБ пассивные),VGPM8010С,4382,3990,Профессиональные наушники Pyramex VGPM8010С (26ДБ) - полноразмерные профессиональные защитные наушники закрытого типа с пассивным шумоподавлением,https://www.pyramex.net/vgpm8010s-26db/,https://www.pyramex.net/wa-data/public/shop/products/60/02/260/images/543/543.750.jpg
Наушники + очки VGCOMBO8610 (26ДБ),VGCOMBO8610,5856,5330,Профессиональные стрелковые наушники + стрелковые очки Pyramex VGCOMBO8610 (26ДБ) - противоосколочные защитные очки и защитные наушники пассивного шумоподавления.,https://www.pyramex.net/naushniki-vgcombo8610-26db/,https://www.pyramex.net/wa-data/public/shop/products/56/02/256/images/566/566.750.jpg
Наушники + очки VGCOMBO8630 (26ДБ),VGCOMBO8630,6202,5640,Наушники + очки VGCOMBO8630 (26ДБ),https://www.pyramex.net/vgcombo8630/,https://www.pyramex.net/wa-data/public/shop/products/58/03/358/images/898/898.750.jpg
Наушники + очки VGCOMBO8617 (26ДБ),VGCOMBO8617,6482,5900,Профессиональные стрелковые наушники + стрелковые очки Pyramex VGCOMBO8617 (26ДБ) - противоосколочные защитные очки и защитные наушники пассивного шумоподавления.,https://www.pyramex.net/naushniki-rvgcombo8617-26db/,https://www.pyramex.net/wa-data/public/shop/products/57/02/257/images/568/568.750.jpg
Чехол из микрофибры для стрелковых наушников PMXBAG,PMXBAG-F,410,370,Чехол из микрофибры для стрелковых наушников PMXBAG,https://www.pyramex.net/pmxbag/,https://www.pyramex.net/wa-data/public/shop/products/45/03/345/images/825/825.750.jpg
Наушники VGBH9010C (22ДБ пассивные),VGBH9010C,3856,3510,"Наушники VGBH9010C (22ДБ, пассивные)",https://www.pyramex.net/vgbh9010c-22db/,https://www.pyramex.net/wa-data/public/shop/products/01/04/401/images/1447/1447.750.jpg
Беруши DP1000 (31 ДБ),DP1000,40,40,Профессиональные стрелковые беруши Pyramex Venture Gear - VGDP1000 (31ДБ) - защитные беруши пассивного шумоподавления,https://www.pyramex.net/berushi-dp1000/,https://www.pyramex.net/wa-data/public/shop/products/84/02/284/images/550/550.750.jpg
Наушники Clandestine VGPME10 (24-85ДБ активные),VGPME10,9248,8420,"Наушники Clandestine VGPME10 (24-85ДБ, активные)",https://www.pyramex.net/naushniki-clandestine-vgpme10-24-85db-aktivnye/,https://www.pyramex.net/wa-data/public/shop/products/69/03/369/images/987/987.750.jpg
Наушники VGPM9010С (22ДБ пассивные),VGPM9010С,4206,3830,Профессиональные наушники Pyramex VGPM9010С (22ДБ) - полноразмерные профессиональные защитные наушники закрытого типа с пассивным шумоподавлением,https://www.pyramex.net/vgpm9010s-22db/,https://www.pyramex.net/wa-data/public/shop/products/61/02/261/images/545/545.750.jpg
Беруши + очки Mini Ztek (PMX) PYS2510SNDP (31ДБ) (Детские) прозрачные линзы 96% светопропускаемость,PYS2510SNDP,1190,1080,Профессиональные стрелковые очки + беруши Mini Ztek  (PMX) PYS2510SNDP (31ДБ) - противоосколочные защитные очки,https://www.pyramex.net/mini-ztek-pys2510sndp-berushi-31db/,https://www.pyramex.net/wa-data/public/shop/products/54/01/154/images/556/556.750.jpg
Беруши + очки Mini Ztek (PMX) PYS2530SNDP (31ДБ) (Детские) желтые линзы 89% светопропускаемость,PYS2530SNDP,1190,1080,Профессиональные стрелковые очки + беруши Mini Ztek  (PMX) PYS2530SNDP (31ДБ) - противоосколочные защитные очки,https://www.pyramex.net/mini-ztek-pys2530sndp-berushi-31db/,https://www.pyramex.net/wa-data/public/shop/products/55/01/155/images/562/562.750.jpg
Беруши + очки Ztek (PMX) PYS2530SDP (31ДБ) желтые линзы 89% светопропускаемость,PYS2530SDP,1190,1080,Профессиональные стрелковые очки + беруши (31ДБ) Mini Ztek  (PMX) PYS2530SDP - противоосколочные защитные очки,https://www.pyramex.net/ochki-ztek-pys2530sdp-berushi-31db/,https://www.pyramex.net/wa-data/public/shop/products/10/03/310/images/687/687.750.jpg
Беруши + очки Ztek (PMX) PYS2510SDP (31ДБ) прозрачные линзы 96% светопропускаемость,PYS2510SDP,1190,1080,Профессиональные стрелковые очки + беруши (31ДБ) Mini Ztek  (PMX) PYS2510SDP - противоосколочные защитные очки,https://www.pyramex.net/ochki-ztek-pys2510sdp-berushi-31db/,https://www.pyramex.net/wa-data/public/shop/products/11/03/311/images/681/681.750.jpg
Держатель для берушей Pyramex EPC12,EPC12,440,400,Держатель для берушей Pyramex EPC12,https://www.pyramex.net/dergatel-dla-berush-epc12/,https://www.pyramex.net/wa-data/public/shop/products/22/04/422/images/1449/1449.750.jpg
Наушники Sentinel VGPME20 (26-82 Дб активные),VGPME20,10518,9570,"Наушники Sentinel VGPME20 (26-82 Дб, активные)",https://www.pyramex.net/naushniki-sentinel-vgpme20-26-92-db-aktivnye/,https://www.pyramex.net/wa-data/public/shop/products/66/04/466/images/1456/1456.750.JPG
Беруши RP2001 (27 ДБ),RP2001,320,290,Беруши RP2001 (27 ДБ),https://www.pyramex.net/berushi-rp2001-27-db/,https://www.pyramex.net/wa-data/public/shop/products/67/04/467/images/1464/1464.750.jpg
Наушники + очки VGCOMBO8610 (26ДБ),VGCOMBO8610,5856,5330,Профессиональные стрелковые наушники + стрелковые очки Pyramex VGCOMBO8610 (26ДБ) - противоосколочные защитные очки и защитные наушники пассивного шумоподавления.,https://www.pyramex.net/naushniki-vgcombo8610-26db/,https://www.pyramex.net/wa-data/public/shop/products/56/02/256/images/566/566.750.jpg
Наушники + очки VGCOMBO8630 (26ДБ),VGCOMBO8630,6202,5640,Наушники + очки VGCOMBO8630 (26ДБ),https://www.pyramex.net/vgcombo8630/,https://www.pyramex.net/wa-data/public/shop/products/58/03/358/images/898/898.750.jpg
Наушники + очки VGCOMBO8617 (26ДБ),VGCOMBO8617,6482,5900,Профессиональные стрелковые наушники + стрелковые очки Pyramex VGCOMBO8617 (26ДБ) - противоосколочные защитные очки и защитные наушники пассивного шумоподавления.,https://www.pyramex.net/naushniki-rvgcombo8617-26db/,https://www.pyramex.net/wa-data/public/shop/products/57/02/257/images/568/568.750.jpg
Беруши + очки Mini Ztek (PMX) PYS2510SNDP (31ДБ) (Детские) прозрачные линзы 96% светопропускаемость,PYS2510SNDP,1190,1080,Профессиональные стрелковые очки + беруши Mini Ztek  (PMX) PYS2510SNDP (31ДБ) - противоосколочные защитные очки,https://www.pyramex.net/mini-ztek-pys2510sndp-berushi-31db/,https://www.pyramex.net/wa-data/public/shop/products/54/01/154/images/556/556.750.jpg
Беруши + очки Mini Ztek (PMX) PYS2530SNDP (31ДБ) (Детские) желтые линзы 89% светопропускаемость,PYS2530SNDP,1190,1080,Профессиональные стрелковые очки + беруши Mini Ztek  (PMX) PYS2530SNDP (31ДБ) - противоосколочные защитные очки,https://www.pyramex.net/mini-ztek-pys2530sndp-berushi-31db/,https://www.pyramex.net/wa-data/public/shop/products/55/01/155/images/562/562.750.jpg
Беруши + очки Ztek (PMX) PYS2510SDP (31ДБ) прозрачные линзы 96% светопропускаемость,PYS2510SDP,1190,1080,Профессиональные стрелковые очки + беруши (31ДБ) Mini Ztek  (PMX) PYS2510SDP - противоосколочные защитные очки,https://www.pyramex.net/ochki-ztek-pys2510sdp-berushi-31db/,https://www.pyramex.net/wa-data/public/shop/products/11/03/311/images/681/681.750.jpg
Беруши + очки Ztek (PMX) PYS2530SDP (31ДБ) желтые линзы 89% светопропускаемость,PYS2530SDP,1190,1080,Профессиональные стрелковые очки + беруши (31ДБ) Mini Ztek  (PMX) PYS2530SDP - противоосколочные защитные очки,https://www.pyramex.net/ochki-ztek-pys2530sdp-berushi-31db/,https://www.pyramex.net/wa-data/public/shop/products/10/03/310/images/687/687.750.jpg
Салфетка для протирки очков,TOWEL,99,90,Салфетка для протирки очков,https://www.pyramex.net/salfetka-dlya-protirki-ochkov-universal/,https://www.pyramex.net/wa-data/public/shop/products/23/03/323/images/689/689.750.jpg
Чехол для очков PYRBAG (мягкий),PYRBAG,198,180,Чехол для стрелковых очков Pyramex PYRBAG (мягкий) из микрофибры для хранения и протирки очков,https://www.pyramex.net/chekhol-pyramex-pyrbag/,https://www.pyramex.net/wa-data/public/shop/products/78/02/278/images/590/590.750.jpg
"Чехол для очков BAGM размер ""M"" (жесткий)",BAG-M,299,270,"Чехол для очков BAGM размер ""M"" (жесткий) с карабином и молнией.",https://www.pyramex.net/chekhol-pyramex-ca500b/,https://www.pyramex.net/wa-data/public/shop/products/77/02/277/images/585/585.750.jpg
"Чехол для очков BAGL размер ""L"" (жесткий увеличенный)",BAG-L,650,590,"Чехол для очков BAGL размер ""L"" (жесткий, увеличенный) с карабином и молнией.",https://www.pyramex.net/chekhol-pyramex-l/,https://www.pyramex.net/wa-data/public/shop/products/76/02/276/images/584/584.750.jpg
"Чехол для тактических масок BAGXL размер ""XL"" (жесткий большой)",BAG-XL,770,700,"Чехол для тактических масок BAGXL размер ""XL"" (жесткий, большой с карабином и молнией.",https://www.pyramex.net/chekhol-masok-pyramex/,https://www.pyramex.net/wa-data/public/shop/products/79/02/279/images/589/589.750.jpg
Чехол из микрофибры для стрелковых наушников PMXBAG,PMXBAG-F,410,370,Чехол из микрофибры для стрелковых наушников PMXBAG,https://www.pyramex.net/pmxbag/,https://www.pyramex.net/wa-data/public/shop/products/45/03/345/images/825/825.750.jpg
Резинка силиконовая  для стрелковых очков СORD 22 (длина 22 см),CORD22,322,290,Резинка силиконовая для стрелковых очков СORD 22 (длина 22 см),https://www.pyramex.net/shnurok-sord-22-dlina-22-sm/,https://www.pyramex.net/wa-data/public/shop/products/03/03/303/images/780/780.750.jpg
Шнурок для стрелковых очков из ткани CORD S9A (длина 76 см),CORDS9A,554,500,Шнурок для стрелковых очков из ткани CORDS9A (длина 76 см),https://www.pyramex.net/shnurok-cords9a/,https://www.pyramex.net/wa-data/public/shop/products/81/02/281/images/778/778.750.jpg
Шнурок для стрелковых очков из силикона CORD 52 (длина 525 см),CORD52,304,280,"Шнурок для стрелковых очков из силикона CORD52 (длина 52,5 см)",https://www.pyramex.net/shnurok-dlina-525-sm/,https://www.pyramex.net/wa-data/public/shop/products/62/02/262/images/783/783.750.jpg
Шнурок для стрелковых очков из силикона толстый CORD 51 (длина 51 см),CORD51,464,420,Шнурок для стрелковых очков из силикона толстый CORD 61 (длина 61 см),https://www.pyramex.net/cord-61-dlina-61-sm/,https://www.pyramex.net/wa-data/public/shop/products/37/03/337/images/776/776.750.jpg
Шнурок для стрелковых очков из ткани CORD 58-90 (длина 58-90 см),CORD58-90,464,420,Шнурок для стрелковых очков из ткани CORD 58-90 (длина 58-90 см),https://www.pyramex.net/cord-58-90-dlina-58-90-sm/,https://www.pyramex.net/wa-data/public/shop/products/40/03/340/images/795/795.750.jpg
Шнурок для стрелковых очков из ткани с резиновыми заканцовками CORD 60 (длина 60 см),CORD60,624,570,Шнурок для стрелковых очков из ткани с резиновыми заканцовками CORD 60 (длина 60 см),https://www.pyramex.net/cord-60-dlina-60-sm/,https://www.pyramex.net/wa-data/public/shop/products/41/03/341/images/797/797.750.jpg
Шнурок для стрелковых очков из силикона премиум-класса синий CORD 56 (длина 56 см),CORD56BLU,784,710,Шнурок для стрелковых очков из силикона премиум-класса синий CORD 56 (длина 56 см),https://www.pyramex.net/cord-56-dlina-56-sm/,https://www.pyramex.net/wa-data/public/shop/products/36/03/336/images/775/775.750.jpg
Шнурок для стрелковых очков из силикона премиум-класса черный CORD 56 (длина 56 см),CORD56BLCK,784,710,Шнурок для стрелковых очков из силикона премиум-класса черный CORD 56 (длина 56 см),https://www.pyramex.net/cord-56-dlina-56-sm-black/,https://www.pyramex.net/wa-data/public/shop/products/35/03/335/images/772/772.750.jpg
Шнурок для стрелковых очков из кожи/нейлона CORD 74 (длина 74 см),CORD74,544,500,Шнурок для стрелковых очков из кожи/нейлона CORD 74 (длина 74 см),https://www.pyramex.net/shnurok-cord-74-dlina-74-sm/,https://www.pyramex.net/wa-data/public/shop/products/01/03/301/images/902/902.750.jpg
Шнурок-беруши CORD BR,CORDBR,2050,1870,Шнурок-беруши Pyramex CORD BR,https://www.pyramex.net/cord-br/,https://www.pyramex.net/wa-data/public/shop/products/38/03/338/images/788/788.750.jpg
Балаклава BL111,BL111,2980,2710,Балаклава BL111,https://www.pyramex.net/balaklava-bl111/,https://www.pyramex.net/wa-data/public/shop/products/27/04/427/images/1428/1428.750.jpg
Жилет RVZ2410M,RVZ2410M,3466,3150,Жилет RVZ2410M,https://www.pyramex.net/gilet-rvz2410m/,https://www.pyramex.net/wa-data/public/shop/products/23/04/423/images/1437/1437.750.jpg
Жилет RVZ2410L,RVZ2410L,3466,3150,Жилет RVZ2410L,https://www.pyramex.net/gilet-rvz2410l/,https://www.pyramex.net/wa-data/public/shop/products/24/04/424/images/1440/1440.750.jpg
Жилет RVZ2420M,RVZ2420M,3466,3150,Жилет RVZ2420M,https://www.pyramex.net/gilet-rvz2420m/,https://www.pyramex.net/wa-data/public/shop/products/26/04/426/images/1446/1446.750.jpg
Жилет RVZ2420L,RVZ2420L,3466,3150,Жилет RVZ2420L,https://www.pyramex.net/gilet-rvz2420l/,https://www.pyramex.net/wa-data/public/shop/products/25/04/425/images/1443/1443.750.jpg
